"QYEAR","NEWID","SEQNO","ALCNO","REC_ORIG","CRMCODEA","CRMC_DEA","ADVMATX","ADVMATX_","MATNSPCX","MATN_PCX","CRMCDA1","CRMCDA1_","CRMCDA2","CRMCDA2_","CRMCDA3","CRMCDA3_","CRMCDA4","CRMCDA4_","CRMCDA5","CRMCDA5_","CRMCDA6","CRMCDA6_","CRMCDA7","CRMCDA7_","CRMCDA8","CRMCDA8_","CRMCDA9","CRMCDA9_"
"20121",2379225,32,0,"1","300","D",220,"D",.,"A",,"A",,"A",,"A",,"A",,"A",,"A",,"A",,"A",,"A"
"20121",2380765,26,0,"1",,"A",.,"A",300,"D",,"A",,"A",,"A",,"A",,"A",,"A",,"A",,"A",,"A"
"20121",2382305,26,0,"1",,"A",.,"A",100,"D",,"A",,"A",,"A",,"A",,"A",,"A",,"A",,"A",,"A"
"20121",2383575,17,0,"1","140","D",130,"D",.,"A",,"A",,"A",,"A",,"A",,"A",,"A",,"A",,"A",,"A"
"20121",2384535,24,0,"1",,"A",.,"A",75,"D",,"A",,"A",,"A",,"A",,"A",,"A",,"A",,"A",,"A"
"20121",2384625,22,0,"1","170","D",26,"D",.,"A",,"A",,"A",,"A",,"A",,"A",,"A",,"A",,"A",,"A"
"20121",2385905,21,0,"1","160","D",63,"D",80,"D",,"A",,"A",,"A",,"A",,"A",,"A",,"A",,"A",,"A"
"20121",2386015,29,0,"1",,"A",.,"A",25,"D",,"A",,"A",,"A",,"A",,"A",,"A",,"A",,"A",,"A"
"20121",2386415,23,0,"1",,"A",.,"A",112,"D",,"A",,"A",,"A",,"A",,"A",,"A",,"A",,"A",,"A"
"20121",2386975,20,0,"1","180","D",100,"D",.,"A",,"A",,"A",,"A",,"A",,"A",,"A",,"A",,"A",,"A"
"20121",2388195,22,0,"1",,"A",.,"A",150,"D",,"A",,"A",,"A",,"A",,"A",,"A",,"A",,"A",,"A"
"20121",2388565,14,0,"1",,"A",.,"A",225,"D",,"A",,"A",,"A",,"A",,"A",,"A",,"A",,"A",,"A"
"20121",2388895,19,0,"1",,"A",.,"A",300,"D",,"A",,"A",,"A",,"A",,"A",,"A",,"A",,"A",,"A"
"20121",2390445,16,0,"1","170","D",130,"D",.,"A",,"A",,"A",,"A",,"A",,"A",,"A",,"A",,"A",,"A"
"20121",2390645,25,0,"1",,"A",.,"A",10,"D",,"A",,"A",,"A",,"A",,"A",,"A",,"A",,"A",,"A"
"20121",2392025,37,0,"1",,"A",.,"A",350,"D",,"A",,"A",,"A",,"A",,"A",,"A",,"A",,"A",,"A"
"20121",2392745,19,0,"1","200","D",500,"D",.,"A",,"A",,"A",,"A",,"A",,"A",,"A",,"A",,"A",,"A"
"20121",2393085,24,0,"1",,"A",.,"A",200,"D",,"A",,"A",,"A",,"A",,"A",,"A",,"A",,"A",,"A"
"20121",2395135,35,0,"1",,"A",.,"A",600,"D",,"A",,"A",,"A",,"A",,"A",,"A",,"A",,"A",,"A"
"20121",2397805,39,0,"1","140","D",15,"D",.,"A",,"A",,"A",,"A",,"A",,"A",,"A",,"A",,"A",,"A"
"20121",2398105,25,0,"1","300","D",12,"D",34,"D",,"A",,"A",,"A",,"A",,"A",,"A",,"A",,"A",,"A"
"20121",2400825,21,0,"1","300","D",500,"D",100,"D",,"A",,"A",,"A",,"A",,"A",,"A",,"A",,"A",,"A"
"20121",2401665,17,0,"1","230","D",16,"D",.,"A",,"A",,"A",,"A",,"A",,"A",,"A",,"A",,"A",,"A"
"20121",2402835,25,0,"1","110","D",200,"D",.,"A",,"A",,"A",,"A",,"A",,"A",,"A",,"A",,"A",,"A"
"20121",2403095,30,0,"1","180","D",9,"D",.,"A",,"A",,"A",,"A",,"A",,"A",,"A",,"A",,"A",,"A"
"20121",2403855,21,0,"1",,"A",.,"A",500,"D",,"A",,"A",,"A",,"A",,"A",,"A",,"A",,"A",,"A"
"20121",2406515,16,0,"1",,"A",.,"A",449,"D",,"A",,"A",,"A",,"A",,"A",,"A",,"A",,"A",,"A"
"20121",2406705,21,0,"1","300","D",1000,"D",.,"A",,"A",,"A",,"A",,"A",,"A",,"A",,"A",,"A",,"A"
"20121",2406955,15,0,"1",,"A",.,"A",460,"D",,"A",,"A",,"A",,"A",,"A",,"A",,"A",,"A",,"A"
"20121",2407325,21,0,"1","210","D",10,"D",.,"A",,"A",,"A",,"A",,"A",,"A",,"A",,"A",,"A",,"A"
"20121",2407385,17,0,"1","170","D",100,"D",.,"A",,"A",,"A",,"A",,"A",,"A",,"A",,"A",,"A",,"A"
"20121",2407675,27,0,"1",,"A",.,"A",600,"D",,"A",,"A",,"A",,"A",,"A",,"A",,"A",,"A",,"A"
"20121",2410264,28,0,"1","300","D",25,"D",.,"A",,"A",,"A",,"A",,"A",,"A",,"A",,"A",,"A",,"A"
"20121",2411534,26,0,"1","180","D",25,"D",.,"A",,"A",,"A",,"A",,"A",,"A",,"A",,"A",,"A",,"A"
"20121",2412024,21,0,"1","300","D",100,"D",.,"A",,"A",,"A",,"A",,"A",,"A",,"A",,"A",,"A",,"A"
"20121",2412174,22,0,"1",,"A",.,"A",150,"D",,"A",,"A",,"A",,"A",,"A",,"A",,"A",,"A",,"A"
"20121",2414214,20,0,"1","170","D",20,"D",.,"A",,"A",,"A",,"A",,"A",,"A",,"A",,"A",,"A",,"A"
"20121",2415194,21,0,"1",,"A",.,"A",360,"D",,"A",,"A",,"A",,"A",,"A",,"A",,"A",,"A",,"A"
"20121",2415704,25,0,"1","300","D",150,"D",.,"A",,"A",,"A",,"A",,"A",,"A",,"A",,"A",,"A",,"A"
"20121",2417214,16,0,"1","120","D",1200,"D",.,"A",,"A",,"A",,"A",,"A",,"A",,"A",,"A",,"A",,"A"
"20121",2418434,22,0,"1","170","D",40,"D",.,"A",,"A",,"A",,"A",,"A",,"A",,"A",,"A",,"A",,"A"
"20121",2418494,21,0,"1",,"A",.,"A",500,"D",,"A",,"A",,"A",,"A",,"A",,"A",,"A",,"A",,"A"
"20121",2418904,17,0,"1","110","D",200,"D",.,"A",,"A",,"A",,"A",,"A",,"A",,"A",,"A",,"A",,"A"
"20121",2420144,15,0,"1","230","D",30,"D",.,"A",,"A",,"A",,"A",,"A",,"A",,"A",,"A",,"A",,"A"
"20121",2421414,17,0,"1","170","D",60,"D",.,"A",,"A",,"A",,"A",,"A",,"A",,"A",,"A",,"A",,"A"
"20121",2421464,14,0,"1","170","D",24,"D",.,"A",,"A",,"A",,"A",,"A",,"A",,"A",,"A",,"A",,"A"
"20121",2423004,19,0,"1","300","D",15,"D",.,"A",,"A",,"A",,"A",,"A",,"A",,"A",,"A",,"A",,"A"
"20121",2423214,26,0,"1","200","D",300,"D",.,"A",,"A",,"A",,"A",,"A",,"A",,"A",,"A",,"A",,"A"
"20121",2423974,37,0,"1","230","D",750,"D",.,"A",,"A",,"A",,"A",,"A",,"A",,"A",,"A",,"A",,"A"
"20121",2425264,20,0,"1","300","D",535,"D",.,"A",,"A",,"A",,"A",,"A",,"A",,"A",,"A",,"A",,"A"
"20121",2426324,22,0,"1","140","D",5,"D",.,"A",,"A",,"A",,"A",,"A",,"A",,"A",,"A",,"A",,"A"
"20121",2426794,25,0,"1",,"A",.,"A",300,"D",,"A",,"A",,"A",,"A",,"A",,"A",,"A",,"A",,"A"
"20121",2427304,18,0,"1","200","D",26,"D",.,"A",,"A",,"A",,"A",,"A",,"A",,"A",,"A",,"A",,"A"
"20121",2428264,28,0,"1","140","D",20,"D",.,"A",,"A",,"A",,"A",,"A",,"A",,"A",,"A",,"A",,"A"
"20121",2428514,22,0,"1","280","D",50,"D",.,"A",,"A",,"A",,"A",,"A",,"A",,"A",,"A",,"A",,"A"
"20121",2430734,29,0,"1",,"A",.,"A",265,"D",,"A",,"A",,"A",,"A",,"A",,"A",,"A",,"A",,"A"
"20121",2432084,16,0,"1","210","D",195,"D",.,"A",,"A",,"A",,"A",,"A",,"A",,"A",,"A",,"A",,"A"
"20121",2432774,40,0,"1",,"A",.,"A",61,"D",,"A",,"A",,"A",,"A",,"A",,"A",,"A",,"A",,"A"
"20121",2433114,16,0,"1","170","D",20,"D",.,"A",,"A",,"A",,"A",,"A",,"A",,"A",,"A",,"A",,"A"
"20121",2435234,29,0,"1",,"A",.,"A",500,"D",,"A",,"A",,"A",,"A",,"A",,"A",,"A",,"A",,"A"
"20121",2436664,19,0,"1","300","D",500,"D",.,"A",,"A",,"A",,"A",,"A",,"A",,"A",,"A",,"A",,"A"
"20121",2436724,19,0,"1",,"A",.,"A",17,"D",,"A",,"A",,"A",,"A",,"A",,"A",,"A",,"A",,"A"
"20121",2437974,21,0,"1","200","D",26,"D",.,"A",,"A",,"A",,"A",,"A",,"A",,"A",,"A",,"A",,"A"
"20121",2438974,14,0,"1","200","D",10,"D",.,"A",,"A",,"A",,"A",,"A",,"A",,"A",,"A",,"A",,"A"
"20121",2439014,15,0,"1","210","D",480,"D",680,"D",,"A",,"A",,"A",,"A",,"A",,"A",,"A",,"A",,"A"
"20121",2439734,24,0,"1","170","D",100,"D",.,"A",,"A",,"A",,"A",,"A",,"A",,"A",,"A",,"A",,"A"
"20121",2440914,21,0,"1",,"A",.,"A",350,"D",,"A",,"A",,"A",,"A",,"A",,"A",,"A",,"A",,"A"
"20121",2441764,22,0,"1",,"A",.,"A",50,"D",,"A",,"A",,"A",,"A",,"A",,"A",,"A",,"A",,"A"
"20121",2442014,24,0,"1",,"A",.,"A",24,"D",,"A",,"A",,"A",,"A",,"A",,"A",,"A",,"A",,"A"
"20121",2442054,18,0,"1",,"A",.,"A",45,"D",,"A",,"A",,"A",,"A",,"A",,"A",,"A",,"A",,"A"
"20121",2442144,19,0,"1","260","D",1357,"D",73,"D",,"A",,"A",,"A",,"A",,"A",,"A",,"A",,"A",,"A"
"20121",2442264,18,0,"1","140","D",80,"D",.,"A",,"A",,"A",,"A",,"A",,"A",,"A",,"A",,"A",,"A"
"20121",2444533,24,0,"1","300","D",150,"D",.,"A",,"A",,"A",,"A",,"A",,"A",,"A",,"A",,"A",,"A"
"20121",2444693,15,0,"1",,"A",.,"A",159,"D",,"A",,"A",,"A",,"A",,"A",,"A",,"A",,"A",,"A"
"20121",2444753,30,0,"1",,"A",.,"A",45,"D",,"A",,"A",,"A",,"A",,"A",,"A",,"A",,"A",,"A"
"20121",2447613,17,0,"1","230","D",1700,"D",.,"A",,"A",,"A",,"A",,"A",,"A",,"A",,"A",,"A",,"A"
"20121",2448863,14,0,"1","100","D",4500,"D",.,"A",,"A",,"A",,"A",,"A",,"A",,"A",,"A",,"A",,"A"
"20121",2449713,20,0,"1",,"A",.,"A",10,"D",,"A",,"A",,"A",,"A",,"A",,"A",,"A",,"A",,"A"
"20121",2449863,17,0,"1","300","D",100,"D",.,"A",,"A",,"A",,"A",,"A",,"A",,"A",,"A",,"A",,"A"
"20121",2450773,19,0,"1",,"A",.,"A",500,"D",,"A",,"A",,"A",,"A",,"A",,"A",,"A",,"A",,"A"
"20121",2451163,20,0,"1",,"A",.,"A",100,"D",,"A",,"A",,"A",,"A",,"A",,"A",,"A",,"A",,"A"
"20121",2451173,19,0,"1",,"A",.,"A",100,"D",,"A",,"A",,"A",,"A",,"A",,"A",,"A",,"A",,"A"
"20121",2451343,22,0,"1","300","D",60,"D",.,"A",,"A",,"A",,"A",,"A",,"A",,"A",,"A",,"A",,"A"
"20121",2451873,24,0,"1","300","D",132,"D",58,"D",,"A",,"A",,"A",,"A",,"A",,"A",,"A",,"A",,"A"
"20121",2452013,16,0,"1",,"A",.,"A",79,"D",,"A",,"A",,"A",,"A",,"A",,"A",,"A",,"A",,"A"
"20121",2453143,27,0,"1",,"A",.,"A",300,"D",,"A",,"A",,"A",,"A",,"A",,"A",,"A",,"A",,"A"
"20121",2453233,16,0,"1",,"A",.,"A",90,"D",,"A",,"A",,"A",,"A",,"A",,"A",,"A",,"A",,"A"
"20121",2453273,14,0,"1","170","D",230,"D",.,"A",,"A",,"A",,"A",,"A",,"A",,"A",,"A",,"A",,"A"
"20121",2453523,19,0,"1",,"A",.,"A",10,"D",,"A",,"A",,"A",,"A",,"A",,"A",,"A",,"A",,"A"
"20121",2454143,18,2,"1","280","D",50,"E",.,"A",,"A",,"A",,"A",,"A",,"A",,"A",,"A",,"A",,"A"
"20121",2454143,18,1,"1","170","D",90,"E",.,"A",,"A",,"A",,"A",,"A",,"A",,"A",,"A",,"A",,"A"
"20121",2454143,18,0,"1","310","D",.,"H",.,"A","310","D","170","D",,"A",,"A",,"A",,"A",,"A",,"A",,"A"
"20121",2454163,20,0,"1","300","D",700,"D",.,"A",,"A",,"A",,"A",,"A",,"A",,"A",,"A",,"A",,"A"
"20121",2454373,22,0,"1","230","D",30,"F",.,"A",,"A",,"A",,"A",,"A",,"A",,"A",,"A",,"A",,"A"
"20121",2454913,17,0,"1","130","D",2000,"D",.,"A",,"A",,"A",,"A",,"A",,"A",,"A",,"A",,"A",,"A"
"20121",2456283,24,0,"1","210","D",27,"D",.,"A",,"A",,"A",,"A",,"A",,"A",,"A",,"A",,"A",,"A"
"20121",2456443,18,0,"1",,"A",.,"A",60,"D",,"A",,"A",,"A",,"A",,"A",,"A",,"A",,"A",,"A"
"20121",2456493,16,0,"1","130","D",700,"D",.,"A",,"A",,"A",,"A",,"A",,"A",,"A",,"A",,"A",,"A"
"20121",2457273,14,0,"1",,"A",.,"A",120,"D",,"A",,"A",,"A",,"A",,"A",,"A",,"A",,"A",,"A"
"20121",2457673,27,0,"1",,"A",.,"A",300,"D",,"A",,"A",,"A",,"A",,"A",,"A",,"A",,"A",,"A"
"20121",2457833,15,0,"1","300","D",20,"D",.,"A",,"A",,"A",,"A",,"A",,"A",,"A",,"A",,"A",,"A"
"20121",2458063,18,0,"1",,"A",.,"A",150,"D",,"A",,"A",,"A",,"A",,"A",,"A",,"A",,"A",,"A"
"20121",2458143,14,0,"1",,"A",.,"A",25,"D",,"A",,"A",,"A",,"A",,"A",,"A",,"A",,"A",,"A"
"20121",2460683,17,0,"1","170","D",125,"D",.,"A",,"A",,"A",,"A",,"A",,"A",,"A",,"A",,"A",,"A"
"20121",2460783,15,0,"1","170","D",90,"D",.,"A",,"A",,"A",,"A",,"A",,"A",,"A",,"A",,"A",,"A"
"20121",2462423,25,0,"1","232","D",50,"D",.,"A",,"A",,"A",,"A",,"A",,"A",,"A",,"A",,"A",,"A"
"20121",2465303,15,0,"1","170","D",30,"D",15,"D",,"A",,"A",,"A",,"A",,"A",,"A",,"A",,"A",,"A"
"20121",2465563,39,0,"1",,"A",.,"A",15,"D",,"A",,"A",,"A",,"A",,"A",,"A",,"A",,"A",,"A"
"20121",2465983,15,0,"1","170","D",18,"D",.,"A",,"A",,"A",,"A",,"A",,"A",,"A",,"A",,"A",,"A"
"20121",2466213,18,0,"1","170","D",130,"D",.,"A",,"A",,"A",,"A",,"A",,"A",,"A",,"A",,"A",,"A"
"20121",2466233,18,0,"1",,"A",.,"A",300,"D",,"A",,"A",,"A",,"A",,"A",,"A",,"A",,"A",,"A"
"20121",2467583,17,0,"1","150","D",200,"D",.,"A",,"A",,"A",,"A",,"A",,"A",,"A",,"A",,"A",,"A"
"20121",2467793,20,0,"1","200","D",2400,"D",.,"A",,"A",,"A",,"A",,"A",,"A",,"A",,"A",,"A",,"A"
"20121",2468093,18,0,"1","170","D",30,"D",.,"A",,"A",,"A",,"A",,"A",,"A",,"A",,"A",,"A",,"A"
"20121",2468333,19,0,"1",,"A",.,"A",400,"D",,"A",,"A",,"A",,"A",,"A",,"A",,"A",,"A",,"A"
"20121",2468873,18,0,"1","140","D",23,"D",.,"A",,"A",,"A",,"A",,"A",,"A",,"A",,"A",,"A",,"A"
"20121",2469763,27,0,"1","130","D",1500,"D",.,"A",,"A",,"A",,"A",,"A",,"A",,"A",,"A",,"A",,"A"
"20121",2472143,20,0,"1","120","D",350,"D",.,"A",,"A",,"A",,"A",,"A",,"A",,"A",,"A",,"A",,"A"
"20121",2472413,28,0,"1","170","D",30,"D",.,"A",,"A",,"A",,"A",,"A",,"A",,"A",,"A",,"A",,"A"
"20121",2472463,17,0,"1","170","D",158,"D",.,"A",,"A",,"A",,"A",,"A",,"A",,"A",,"A",,"A",,"A"
"20121",2473933,18,0,"1",,"A",.,"A",27,"D",,"A",,"A",,"A",,"A",,"A",,"A",,"A",,"A",,"A"
"20121",2474293,35,0,"1","210","D",260,"D",.,"A",,"A",,"A",,"A",,"A",,"A",,"A",,"A",,"A",,"A"
"20121",2476043,27,0,"1",,"A",.,"A",20,"D",,"A",,"A",,"A",,"A",,"A",,"A",,"A",,"A",,"A"
"20121",2476613,25,0,"1",,"A",.,"A",240,"D",,"A",,"A",,"A",,"A",,"A",,"A",,"A",,"A",,"A"
"20121",2477352,17,0,"1",,"A",.,"A",12,"D",,"A",,"A",,"A",,"A",,"A",,"A",,"A",,"A",,"A"
"20121",2477372,31,0,"1",,"A",.,"A",50,"D",,"A",,"A",,"A",,"A",,"A",,"A",,"A",,"A",,"A"
"20121",2478432,22,0,"1",,"A",.,"A",4,"D",,"A",,"A",,"A",,"A",,"A",,"A",,"A",,"A",,"A"
"20121",2478782,21,0,"1","300","D",350,"D",.,"A",,"A",,"A",,"A",,"A",,"A",,"A",,"A",,"A",,"A"
"20121",2479202,20,0,"1",,"A",.,"A",60,"D",,"A",,"A",,"A",,"A",,"A",,"A",,"A",,"A",,"A"
"20121",2479432,22,0,"1","240","D",100,"D",.,"A",,"A",,"A",,"A",,"A",,"A",,"A",,"A",,"A",,"A"
"20121",2480094,21,0,"1",,"A",.,"A",50,"D",,"A",,"A",,"A",,"A",,"A",,"A",,"A",,"A",,"A"
"20121",2480682,26,0,"1","130","D",170,"D",.,"A",,"A",,"A",,"A",,"A",,"A",,"A",,"A",,"A",,"A"
"20121",2480752,17,0,"1","170","D",1400,"D",.,"A","150","D",,"A",,"A",,"A",,"A",,"A",,"A",,"A",,"A"
"20121",2482134,19,0,"1",,"A",.,"A",30,"D",,"A",,"A",,"A",,"A",,"A",,"A",,"A",,"A",,"A"
"20121",2482562,19,0,"1",,"A",.,"A",300,"D",,"A",,"A",,"A",,"A",,"A",,"A",,"A",,"A",,"A"
"20121",2483322,17,0,"1",,"A",.,"A",35,"D",,"A",,"A",,"A",,"A",,"A",,"A",,"A",,"A",,"A"
"20121",2483532,25,0,"1","300","D",45,"D",.,"A",,"A",,"A",,"A",,"A",,"A",,"A",,"A",,"A",,"A"
"20121",2484562,24,0,"1",,"A",.,"A",25,"D",,"A",,"A",,"A",,"A",,"A",,"A",,"A",,"A",,"A"
"20121",2484944,18,0,"1",,"A",.,"A",45,"D",,"A",,"A",,"A",,"A",,"A",,"A",,"A",,"A",,"A"
"20121",2485034,19,0,"1",,"A",.,"A",49,"D",,"A",,"A",,"A",,"A",,"A",,"A",,"A",,"A",,"A"
"20121",2485372,32,0,"1","190","D",18,"D",.,"A",,"A",,"A",,"A",,"A",,"A",,"A",,"A",,"A",,"A"
"20121",2485692,31,0,"1",,"A",.,"A",150,"D",,"A",,"A",,"A",,"A",,"A",,"A",,"A",,"A",,"A"
"20121",2486782,22,0,"1",,"A",.,"A",200,"D",,"A",,"A",,"A",,"A",,"A",,"A",,"A",,"A",,"A"
"20121",2487252,33,0,"1","170","D",100,"D",.,"A",,"A",,"A",,"A",,"A",,"A",,"A",,"A",,"A",,"A"
"20121",2487762,25,0,"1","260","D",250,"D",.,"A",,"A",,"A",,"A",,"A",,"A",,"A",,"A",,"A",,"A"
"20121",2487794,19,0,"1",,"A",.,"A",30,"D",,"A",,"A",,"A",,"A",,"A",,"A",,"A",,"A",,"A"
"20121",2489312,14,0,"1","140","D",375,"D",.,"A",,"A",,"A",,"A",,"A",,"A",,"A",,"A",,"A",,"A"
"20121",2489623,20,0,"1",,"A",.,"A",50,"D",,"A",,"A",,"A",,"A",,"A",,"A",,"A",,"A",,"A"
"20121",2490452,19,0,"1","210","D",22,"D",.,"A",,"A",,"A",,"A",,"A",,"A",,"A",,"A",,"A",,"A"
"20121",2491642,31,0,"1",,"A",.,"A",62,"D",,"A",,"A",,"A",,"A",,"A",,"A",,"A",,"A",,"A"
"20121",2492602,23,0,"1","150","D",5000,"D",.,"A",,"A",,"A",,"A",,"A",,"A",,"A",,"A",,"A",,"A"
"20121",2492672,18,0,"1","130","D",2000,"D",.,"A",,"A",,"A",,"A",,"A",,"A",,"A",,"A",,"A",,"A"
"20121",2492982,26,0,"1","300","D",14,"D",.,"A",,"A",,"A",,"A",,"A",,"A",,"A",,"A",,"A",,"A"
"20121",2494402,21,0,"1",,"A",.,"A",300,"D",,"A",,"A",,"A",,"A",,"A",,"A",,"A",,"A",,"A"
"20121",2494642,17,0,"1","230","D",1500,"D",.,"A",,"A",,"A",,"A",,"A",,"A",,"A",,"A",,"A",,"A"
"20121",2495442,16,0,"1","300","D",200,"D",.,"A",,"A",,"A",,"A",,"A",,"A",,"A",,"A",,"A",,"A"
"20121",2495722,23,0,"1",,"A",.,"A",200,"D",,"A",,"A",,"A",,"A",,"A",,"A",,"A",,"A",,"A"
"20121",2496742,25,0,"1","180","D",635,"D",.,"A",,"A",,"A",,"A",,"A",,"A",,"A",,"A",,"A",,"A"
"20121",2497062,21,0,"1","200","D",40,"D",.,"A",,"A",,"A",,"A",,"A",,"A",,"A",,"A",,"A",,"A"
"20121",2499962,16,0,"1",,"A",.,"A",300,"D",,"A",,"A",,"A",,"A",,"A",,"A",,"A",,"A",,"A"
"20121",2500292,21,0,"1","180","D",9,"F",.,"A",,"A",,"A",,"A",,"A",,"A",,"A",,"A",,"A",,"A"
"20121",2502292,15,0,"1","300","D",125,"D",.,"A",,"A",,"A",,"A",,"A",,"A",,"A",,"A",,"A",,"A"
"20121",2503302,17,0,"1","170","D",200,"D",.,"A",,"A",,"A",,"A",,"A",,"A",,"A",,"A",,"A",,"A"
"20121",2505372,15,0,"1","170","D",120,"D",.,"A",,"A",,"A",,"A",,"A",,"A",,"A",,"A",,"A",,"A"
"20121",2505752,16,0,"1",,"A",.,"A",160,"D",,"A",,"A",,"A",,"A",,"A",,"A",,"A",,"A",,"A"
"20121",2505882,21,0,"1","150","D",19,"D",.,"A",,"A",,"A",,"A",,"A",,"A",,"A",,"A",,"A",,"A"
"20121",2508812,16,0,"1","170","D",37,"D",.,"A",,"A",,"A",,"A",,"A",,"A",,"A",,"A",,"A",,"A"
"20121",2510092,17,0,"1",,"A",.,"A",16,"D",,"A",,"A",,"A",,"A",,"A",,"A",,"A",,"A",,"A"
"20121",2511262,51,0,"1","300","D",73,"D",.,"A",,"A",,"A",,"A",,"A",,"A",,"A",,"A",,"A",,"A"
"20121",2512094,23,0,"1","140","D",200,"D",500,"D",,"A",,"A",,"A",,"A",,"A",,"A",,"A",,"A",,"A"
"20121",2535872,15,0,"1",,"A",.,"A",17,"D",,"A",,"A",,"A",,"A",,"A",,"A",,"A",,"A",,"A"
"20122",2410625,15,0,"1","140","D",100,"D",.,"A",,"A",,"A",,"A",,"A",,"A",,"A",,"A",,"A",,"A"
"20122",2410745,15,0,"1","170","D",150,"D",.,"A",,"A",,"A",,"A",,"A",,"A",,"A",,"A",,"A",,"A"
"20122",2411925,14,0,"1","140","D",90,"D",.,"A",,"A",,"A",,"A",,"A",,"A",,"A",,"A",,"A",,"A"
"20122",2412175,19,0,"1",,"A",.,"A",330,"D",,"A",,"A",,"A",,"A",,"A",,"A",,"A",,"A",,"A"
"20122",2412355,14,0,"1",,"A",.,"A",16,"D",,"A",,"A",,"A",,"A",,"A",,"A",,"A",,"A",,"A"
"20122",2414215,18,0,"1",,"A",.,"A",16,"D",,"A",,"A",,"A",,"A",,"A",,"A",,"A",,"A",,"A"
"20122",2416785,23,0,"1","140","D",71,"D",.,"A",,"A",,"A",,"A",,"A",,"A",,"A",,"A",,"A",,"A"
"20122",2417045,15,0,"1","170","D",100,"D",.,"A",,"A",,"A",,"A",,"A",,"A",,"A",,"A",,"A",,"A"
"20122",2418415,36,0,"1","170","D",65,"D",.,"A",,"A",,"A",,"A",,"A",,"A",,"A",,"A",,"A",,"A"
"20122",2418495,24,0,"1",,"A",.,"A",400,"D",,"A",,"A",,"A",,"A",,"A",,"A",,"A",,"A",,"A"
"20122",2419515,18,0,"1","140","D",100,"D",.,"A",,"A",,"A",,"A",,"A",,"A",,"A",,"A",,"A",,"A"
"20122",2420105,22,0,"1","150","D",1000,"D",.,"A",,"A",,"A",,"A",,"A",,"A",,"A",,"A",,"A",,"A"
"20122",2421295,19,0,"1","170","D",100,"D",.,"A",,"A",,"A",,"A",,"A",,"A",,"A",,"A",,"A",,"A"
"20122",2422455,20,0,"1","280","D",600,"D",.,"A",,"A",,"A",,"A",,"A",,"A",,"A",,"A",,"A",,"A"
"20122",2422885,16,0,"1",,"A",.,"A",175,"D",,"A",,"A",,"A",,"A",,"A",,"A",,"A",,"A",,"A"
"20122",2422915,20,0,"1",,"A",.,"A",375,"D",,"A",,"A",,"A",,"A",,"A",,"A",,"A",,"A",,"A"
"20122",2423305,16,0,"1",,"A",.,"A",35,"D",,"A",,"A",,"A",,"A",,"A",,"A",,"A",,"A",,"A"
"20122",2423975,25,0,"1","230","D",1000,"D",.,"A",,"A",,"A",,"A",,"A",,"A",,"A",,"A",,"A",,"A"
"20122",2425505,18,0,"1","140","D",50,"D",.,"A",,"A",,"A",,"A",,"A",,"A",,"A",,"A",,"A",,"A"
"20122",2426755,18,0,"1","230","D",3000,"D",.,"A",,"A",,"A",,"A",,"A",,"A",,"A",,"A",,"A",,"A"
"20122",2426865,20,0,"1","140","D",500,"D",.,"A",,"A",,"A",,"A",,"A",,"A",,"A",,"A",,"A",,"A"
"20122",2427035,24,0,"1","300","D",205,"D",.,"A",,"A",,"A",,"A",,"A",,"A",,"A",,"A",,"A",,"A"
"20122",2428265,41,0,"1","140","D",60,"D",.,"A",,"A",,"A",,"A",,"A",,"A",,"A",,"A",,"A",,"A"
"20122",2428375,25,0,"1","140","D",115,"D",.,"A",,"A",,"A",,"A",,"A",,"A",,"A",,"A",,"A",,"A"
"20122",2428515,17,0,"1","260","D",3700,"D",.,"A",,"A",,"A",,"A",,"A",,"A",,"A",,"A",,"A",,"A"
"20122",2429055,18,0,"1",,"A",.,"A",450,"D",,"A",,"A",,"A",,"A",,"A",,"A",,"A",,"A",,"A"
"20122",2429435,16,0,"1","230","D",750,"D",.,"A",,"A",,"A",,"A",,"A",,"A",,"A",,"A",,"A",,"A"
"20122",2429575,23,0,"1","170","D",1000,"D",.,"A",,"A",,"A",,"A",,"A",,"A",,"A",,"A",,"A",,"A"
"20122",2429705,19,0,"1","180","D",4,"D",.,"A",,"A",,"A",,"A",,"A",,"A",,"A",,"A",,"A",,"A"
"20122",2430735,19,0,"1","170","D",80,"D",.,"A",,"A",,"A",,"A",,"A",,"A",,"A",,"A",,"A",,"A"
"20122",2431645,16,0,"1","140","D",30,"D",.,"A",,"A",,"A",,"A",,"A",,"A",,"A",,"A",,"A",,"A"
"20122",2431665,17,0,"1","140","D",10,"D",.,"A",,"A",,"A",,"A",,"A",,"A",,"A",,"A",,"A",,"A"
"20122",2433635,16,0,"1",,"A",.,"A",499,"D",,"A",,"A",,"A",,"A",,"A",,"A",,"A",,"A",,"A"
"20122",2434815,22,0,"1",,"A",.,"A",1,"D",,"A",,"A",,"A",,"A",,"A",,"A",,"A",,"A",,"A"
"20122",2435485,13,0,"1",,"A",.,"A",13,"D",,"A",,"A",,"A",,"A",,"A",,"A",,"A",,"A",,"A"
"20122",2436465,31,0,"1",,"A",.,"A",55,"D",,"A",,"A",,"A",,"A",,"A",,"A",,"A",,"A",,"A"
"20122",2436535,19,0,"1",,"A",.,"A",4,"D",,"A",,"A",,"A",,"A",,"A",,"A",,"A",,"A",,"A"
"20122",2436805,44,0,"1","300","D",15,"D",.,"A",,"A",,"A",,"A",,"A",,"A",,"A",,"A",,"A",,"A"
"20122",2437365,15,0,"1","230","D",200,"D",.,"A",,"A",,"A",,"A",,"A",,"A",,"A",,"A",,"A",,"A"
"20122",2437585,16,0,"1","180","D",70,"D",.,"A",,"A",,"A",,"A",,"A",,"A",,"A",,"A",,"A",,"A"
"20122",2440915,18,0,"1",,"A",.,"A",200,"D",,"A",,"A",,"A",,"A",,"A",,"A",,"A",,"A",,"A"
"20122",2441765,21,0,"1",,"A",.,"A",25,"D",,"A",,"A",,"A",,"A",,"A",,"A",,"A",,"A",,"A"
"20122",2441835,21,0,"1","260","D",55,"D",.,"A",,"A",,"A",,"A",,"A",,"A",,"A",,"A",,"A",,"A"
"20122",2444314,24,0,"1","170","D",13,"D",.,"A",,"A",,"A",,"A",,"A",,"A",,"A",,"A",,"A",,"A"
"20122",2444524,15,0,"1","210","D",127,"D",.,"A",,"A",,"A",,"A",,"A",,"A",,"A",,"A",,"A",,"A"
"20122",2445634,18,0,"1","160","D",800,"D",.,"A",,"A",,"A",,"A",,"A",,"A",,"A",,"A",,"A",,"A"
"20122",2450174,19,0,"1","220","D",600,"D",.,"A",,"A",,"A",,"A",,"A",,"A",,"A",,"A",,"A",,"A"
"20122",2450714,21,0,"1","210","D",30,"D",.,"A",,"A",,"A",,"A",,"A",,"A",,"A",,"A",,"A",,"A"
"20122",2450774,19,0,"1",,"A",.,"A",400,"D",,"A",,"A",,"A",,"A",,"A",,"A",,"A",,"A",,"A"
"20122",2451164,19,0,"1",,"A",.,"A",100,"D",,"A",,"A",,"A",,"A",,"A",,"A",,"A",,"A",,"A"
"20122",2452914,19,0,"1",,"A",.,"A",10,"D",,"A",,"A",,"A",,"A",,"A",,"A",,"A",,"A",,"A"
"20122",2453144,22,0,"1",,"A",.,"A",150,"D",,"A",,"A",,"A",,"A",,"A",,"A",,"A",,"A",,"A"
"20122",2453234,18,0,"1",,"A",.,"A",90,"D",,"A",,"A",,"A",,"A",,"A",,"A",,"A",,"A",,"A"
"20122",2453814,14,0,"1","130","D",300,"D",.,"A",,"A",,"A",,"A",,"A",,"A",,"A",,"A",,"A",,"A"
"20122",2454324,18,0,"1","300","D",200,"D",.,"A",,"A",,"A",,"A",,"A",,"A",,"A",,"A",,"A",,"A"
"20122",2454914,17,0,"1","170","D",150,"D",.,"A",,"A",,"A",,"A",,"A",,"A",,"A",,"A",,"A",,"A"
"20122",2455514,22,0,"1","150","D",100,"D",.,"A",,"A",,"A",,"A",,"A",,"A",,"A",,"A",,"A",,"A"
"20122",2455584,23,0,"1","120","D",1000,"D",.,"A",,"A",,"A",,"A",,"A",,"A",,"A",,"A",,"A",,"A"
"20122",2455854,26,0,"1","160","D",490,"D",.,"A",,"A",,"A",,"A",,"A",,"A",,"A",,"A",,"A",,"A"
"20122",2456444,18,0,"1",,"A",.,"A",70,"D",,"A",,"A",,"A",,"A",,"A",,"A",,"A",,"A",,"A"
"20122",2457674,19,0,"1",,"A",.,"A",750,"D",,"A",,"A",,"A",,"A",,"A",,"A",,"A",,"A",,"A"
"20122",2457884,19,0,"1",,"A",.,"A",200,"D",,"A",,"A",,"A",,"A",,"A",,"A",,"A",,"A",,"A"
"20122",2458024,37,0,"1",,"A",.,"A",325,"D",,"A",,"A",,"A",,"A",,"A",,"A",,"A",,"A",,"A"
"20122",2458064,21,0,"1",,"A",.,"A",340,"D",,"A",,"A",,"A",,"A",,"A",,"A",,"A",,"A",,"A"
"20122",2459514,25,0,"1","230","D",175,"D",.,"A",,"A",,"A",,"A",,"A",,"A",,"A",,"A",,"A",,"A"
"20122",2462644,16,0,"1","200","D",358,"D",.,"A",,"A",,"A",,"A",,"A",,"A",,"A",,"A",,"A",,"A"
"20122",2465564,24,0,"1",,"A",.,"A",5,"D",,"A",,"A",,"A",,"A",,"A",,"A",,"A",,"A",,"A"
"20122",2465584,20,0,"1","300","D",200,"D",.,"A",,"A",,"A",,"A",,"A",,"A",,"A",,"A",,"A",,"A"
"20122",2466214,19,0,"1","130","D",110,"D",.,"A",,"A",,"A",,"A",,"A",,"A",,"A",,"A",,"A",,"A"
"20122",2466234,21,0,"1",,"A",.,"A",150,"D",,"A",,"A",,"A",,"A",,"A",,"A",,"A",,"A",,"A"
"20122",2468094,17,0,"1","300","D",45,"D",.,"A",,"A",,"A",,"A",,"A",,"A",,"A",,"A",,"A",,"A"
"20122",2468154,15,0,"1","120","D",3000,"D",.,"A",,"A",,"A",,"A",,"A",,"A",,"A",,"A",,"A",,"A"
"20122",2468984,16,0,"1","260","D",427,"D",.,"A",,"A",,"A",,"A",,"A",,"A",,"A",,"A",,"A",,"A"
"20122",2470584,17,0,"1",,"A",.,"A",25,"D",,"A",,"A",,"A",,"A",,"A",,"A",,"A",,"A",,"A"
"20122",2472344,32,0,"1","300","D",78,"D",.,"A",,"A",,"A",,"A",,"A",,"A",,"A",,"A",,"A",,"A"
"20122",2472984,22,0,"1",,"A",.,"A",55,"D",,"A",,"A",,"A",,"A",,"A",,"A",,"A",,"A",,"A"
"20122",2475494,32,0,"1","140","D",230,"D",.,"A",,"A",,"A",,"A",,"A",,"A",,"A",,"A",,"A",,"A"
"20122",2475744,17,0,"1",,"A",.,"A",65,"D",,"A",,"A",,"A",,"A",,"A",,"A",,"A",,"A",,"A"
"20122",2476044,17,0,"1","210","D",70,"D",.,"A",,"A",,"A",,"A",,"A",,"A",,"A",,"A",,"A",,"A"
"20122",2476354,18,0,"1","170","D",33,"D",.,"A",,"A",,"A",,"A",,"A",,"A",,"A",,"A",,"A",,"A"
"20122",2476614,23,0,"1",,"A",.,"A",841,"D",,"A",,"A",,"A",,"A",,"A",,"A",,"A",,"A",,"A"
"20122",2476884,17,0,"1","170","D",110,"D",50,"D",,"A",,"A",,"A",,"A",,"A",,"A",,"A",,"A",,"A"
"20122",2477063,15,0,"1","110","D",300,"D",.,"A",,"A",,"A",,"A",,"A",,"A",,"A",,"A",,"A",,"A"
"20122",2477203,22,0,"1","300","D",80,"D",104,"D",,"A",,"A",,"A",,"A",,"A",,"A",,"A",,"A",,"A"
"20122",2478333,23,0,"1","180","D",200,"D",.,"A",,"A",,"A",,"A",,"A",,"A",,"A",,"A",,"A",,"A"
"20122",2478563,20,0,"1",,"A",.,"A",388,"D",,"A",,"A",,"A",,"A",,"A",,"A",,"A",,"A",,"A"
"20122",2478723,15,0,"1","260","D",6550,"D",.,"A",,"A",,"A",,"A",,"A",,"A",,"A",,"A",,"A",,"A"
"20122",2481123,18,0,"1","120","D",100,"D",.,"A",,"A",,"A",,"A",,"A",,"A",,"A",,"A",,"A",,"A"
"20122",2481823,15,0,"1","130","D",550,"D",.,"A",,"A",,"A",,"A",,"A",,"A",,"A",,"A",,"A",,"A"
"20122",2482135,16,0,"1",,"A",.,"A",10,"D",,"A",,"A",,"A",,"A",,"A",,"A",,"A",,"A",,"A"
"20122",2482303,21,0,"1",,"A",.,"A",255,"D",,"A",,"A",,"A",,"A",,"A",,"A",,"A",,"A",,"A"
"20122",2482733,16,0,"1",,"A",.,"A",50,"D",,"A",,"A",,"A",,"A",,"A",,"A",,"A",,"A",,"A"
"20122",2483903,23,0,"1",,"A",.,"A",240,"D",,"A",,"A",,"A",,"A",,"A",,"A",,"A",,"A",,"A"
"20122",2484945,15,0,"1",,"A",.,"A",30,"D",,"A",,"A",,"A",,"A",,"A",,"A",,"A",,"A",,"A"
"20122",2485003,19,0,"1",,"A",.,"A",300,"D",,"A",,"A",,"A",,"A",,"A",,"A",,"A",,"A",,"A"
"20122",2485035,15,0,"1",,"A",.,"A",20,"D",,"A",,"A",,"A",,"A",,"A",,"A",,"A",,"A",,"A"
"20122",2486783,26,0,"1",,"A",.,"A",380,"D",,"A",,"A",,"A",,"A",,"A",,"A",,"A",,"A",,"A"
"20122",2487795,21,0,"1",,"A",.,"A",15,"D",,"A",,"A",,"A",,"A",,"A",,"A",,"A",,"A",,"A"
"20122",2489624,15,0,"1",,"A",.,"A",60,"D",,"A",,"A",,"A",,"A",,"A",,"A",,"A",,"A",,"A"
"20122",2490623,19,0,"1","180","D",248,"D",.,"A",,"A",,"A",,"A",,"A",,"A",,"A",,"A",,"A",,"A"
"20122",2491643,25,0,"1",,"A",.,"A",300,"D",,"A",,"A",,"A",,"A",,"A",,"A",,"A",,"A",,"A"
"20122",2492993,14,0,"1",,"A",.,"A",35,"D",,"A",,"A",,"A",,"A",,"A",,"A",,"A",,"A",,"A"
"20122",2493413,16,0,"1","130","D",3000,"D",.,"A",,"A",,"A",,"A",,"A",,"A",,"A",,"A",,"A",,"A"
"20122",2493913,16,0,"1","300","D",150,"D",.,"A",,"A",,"A",,"A",,"A",,"A",,"A",,"A",,"A",,"A"
"20122",2494664,16,0,"1",,"A",.,"A",20,"D",,"A",,"A",,"A",,"A",,"A",,"A",,"A",,"A",,"A"
"20122",2494903,18,0,"1",,"A",.,"A",16,"D",,"A",,"A",,"A",,"A",,"A",,"A",,"A",,"A",,"A"
"20122",2495723,21,0,"1",,"A",.,"A",180,"D",,"A",,"A",,"A",,"A",,"A",,"A",,"A",,"A",,"A"
"20122",2495793,27,0,"1","300","D",60,"D",.,"A",,"A",,"A",,"A",,"A",,"A",,"A",,"A",,"A",,"A"
"20122",2496743,34,0,"1","310","D",.,"H",.,"A","210","D","300","D",,"A",,"A",,"A",,"A",,"A",,"A",,"A"
"20122",2496743,34,1,"1","210","D",12746,"U",.,"A",,"A",,"A",,"A",,"A",,"A",,"A",,"A",,"A",,"A"
"20122",2496743,34,2,"1","300","D",12746,"U",.,"A",,"A",,"A",,"A",,"A",,"A",,"A",,"A",,"A",,"A"
"20122",2497063,28,0,"1",,"A",.,"A",20,"D",,"A",,"A",,"A",,"A",,"A",,"A",,"A",,"A",,"A"
"20122",2497363,19,0,"1",,"A",.,"A",60,"D",,"A",,"A",,"A",,"A",,"A",,"A",,"A",,"A",,"A"
"20122",2498453,18,0,"1","300","D",19,"D",.,"A",,"A",,"A",,"A",,"A",,"A",,"A",,"A",,"A",,"A"
"20122",2499963,18,0,"1",,"A",.,"A",240,"D",,"A",,"A",,"A",,"A",,"A",,"A",,"A",,"A",,"A"
"20122",2502293,19,0,"1","300","D",200,"D",.,"A",,"A",,"A",,"A",,"A",,"A",,"A",,"A",,"A",,"A"
"20122",2503243,27,0,"1","300","D",12746,"T",.,"A",,"A",,"A",,"A",,"A",,"A",,"A",,"A",,"A",,"A"
"20122",2503413,22,0,"1","300","D",300,"D",.,"A",,"A",,"A",,"A",,"A",,"A",,"A",,"A",,"A",,"A"
"20122",2504313,33,0,"1","300","D",50,"D",.,"A",,"A",,"A",,"A",,"A",,"A",,"A",,"A",,"A",,"A"
"20122",2504853,35,0,"1","290","D",30,"D",.,"A",,"A",,"A",,"A",,"A",,"A",,"A",,"A",,"A",,"A"
"20122",2505883,23,0,"1","180","D",355,"D",.,"A",,"A",,"A",,"A",,"A",,"A",,"A",,"A",,"A",,"A"
"20122",2506013,17,0,"1",,"A",.,"A",90,"D",,"A",,"A",,"A",,"A",,"A",,"A",,"A",,"A",,"A"
"20122",2506693,19,0,"1",,"A",.,"A",10,"D",,"A",,"A",,"A",,"A",,"A",,"A",,"A",,"A",,"A"
"20122",2507443,22,0,"1",,"A",.,"A",20,"D",,"A",,"A",,"A",,"A",,"A",,"A",,"A",,"A",,"A"
"20122",2508473,16,0,"1","140","D",400,"D",.,"A",,"A",,"A",,"A",,"A",,"A",,"A",,"A",,"A",,"A"
"20122",2509243,19,0,"1","180","D",64,"D",40,"D",,"A",,"A",,"A",,"A",,"A",,"A",,"A",,"A",,"A"
"20122",2509303,14,0,"1",,"A",.,"A",250,"D",,"A",,"A",,"A",,"A",,"A",,"A",,"A",,"A",,"A"
"20122",2511063,41,0,"1",,"A",.,"A",10,"D",,"A",,"A",,"A",,"A",,"A",,"A",,"A",,"A",,"A"
"20122",2512502,32,0,"1","300","D",120,"D",.,"A",,"A",,"A",,"A",,"A",,"A",,"A",,"A",,"A",,"A"
"20122",2513012,22,0,"1","300","D",140,"D",.,"A",,"A",,"A",,"A",,"A",,"A",,"A",,"A",,"A",,"A"
"20122",2513612,14,0,"1","260","D",245,"D",.,"A",,"A",,"A",,"A",,"A",,"A",,"A",,"A",,"A",,"A"
"20122",2514592,13,0,"1","140","D",20,"D",.,"A",,"A",,"A",,"A",,"A",,"A",,"A",,"A",,"A",,"A"
"20122",2515084,17,0,"1",,"A",.,"A",110,"D",,"A",,"A",,"A",,"A",,"A",,"A",,"A",,"A",,"A"
"20122",2516453,20,0,"1",,"A",.,"A",100,"D",,"A",,"A",,"A",,"A",,"A",,"A",,"A",,"A",,"A"
"20122",2516992,22,0,"1","170","D",60,"D",.,"A",,"A",,"A",,"A",,"A",,"A",,"A",,"A",,"A",,"A"
"20122",2517292,20,0,"1","170","D",100,"D",.,"A",,"A",,"A",,"A",,"A",,"A",,"A",,"A",,"A",,"A"
"20122",2517582,29,0,"1","180","D",166,"D",.,"A",,"A",,"A",,"A",,"A",,"A",,"A",,"A",,"A",,"A"
"20122",2520092,15,0,"1","310","D",.,"H",600,"D","150","D","260","D",,"A",,"A",,"A",,"A",,"A",,"A",,"A"
"20122",2520092,15,1,"1","150","D",500,"E",.,"A",,"A",,"A",,"A",,"A",,"A",,"A",,"A",,"A",,"A"
"20122",2520242,15,0,"1",,"A",.,"A",150,"D",,"A",,"A",,"A",,"A",,"A",,"A",,"A",,"A",,"A"
"20122",2520272,17,0,"1","140","D",250,"D",.,"A",,"A",,"A",,"A",,"A",,"A",,"A",,"A",,"A",,"A"
"20122",2521032,27,0,"1","170","D",350,"D",3100,"D",,"A",,"A",,"A",,"A",,"A",,"A",,"A",,"A",,"A"
"20122",2521832,15,0,"1","310","D",.,"H",.,"A","290","D","230","D",,"A",,"A",,"A",,"A",,"A",,"A",,"A"
"20122",2521832,15,1,"1","290","D",113,"E",.,"A",,"A",,"A",,"A",,"A",,"A",,"A",,"A",,"A",,"A"
"20122",2521832,15,2,"1","230","D",755,"E",.,"A",,"A",,"A",,"A",,"A",,"A",,"A",,"A",,"A",,"A"
"20122",2523142,19,0,"1","130","D",70,"D",.,"A",,"A",,"A",,"A",,"A",,"A",,"A",,"A",,"A",,"A"
"20122",2524302,15,0,"1","300","D",25,"D",.,"A",,"A",,"A",,"A",,"A",,"A",,"A",,"A",,"A",,"A"
"20122",2524552,18,0,"1","220","D",75,"D",.,"A",,"A",,"A",,"A",,"A",,"A",,"A",,"A",,"A",,"A"
"20122",2526335,41,0,"1","140","D",12,"D",4,"D",,"A",,"A",,"A",,"A",,"A",,"A",,"A",,"A",,"A"
"20122",2526732,27,0,"1",,"A",.,"A",500,"D",,"A",,"A",,"A",,"A",,"A",,"A",,"A",,"A",,"A"
"20122",2526762,15,0,"1","180","D",65,"D",.,"A",,"A",,"A",,"A",,"A",,"A",,"A",,"A",,"A",,"A"
"20122",2527012,22,0,"1","140","D",30,"D",20,"D",,"A",,"A",,"A",,"A",,"A",,"A",,"A",,"A",,"A"
"20122",2527022,23,0,"1","140","D",500,"D",.,"A",,"A",,"A",,"A",,"A",,"A",,"A",,"A",,"A",,"A"
"20122",2528482,20,0,"1","210","D",250,"D",.,"A",,"A",,"A",,"A",,"A",,"A",,"A",,"A",,"A",,"A"
"20122",2530022,16,0,"1",,"A",.,"A",82,"D",,"A",,"A",,"A",,"A",,"A",,"A",,"A",,"A",,"A"
"20122",2530402,17,0,"1","140","D",123,"D",.,"A",,"A",,"A",,"A",,"A",,"A",,"A",,"A",,"A",,"A"
"20122",2532242,24,0,"1",,"A",.,"A",100,"D",,"A",,"A",,"A",,"A",,"A",,"A",,"A",,"A",,"A"
"20122",2532812,19,0,"1","170","D",50,"D",.,"A",,"A",,"A",,"A",,"A",,"A",,"A",,"A",,"A",,"A"
"20122",2533112,16,0,"1","300","D",38,"D",.,"A",,"A",,"A",,"A",,"A",,"A",,"A",,"A",,"A",,"A"
"20122",2533842,18,0,"1",,"A",.,"A",350,"D",,"A",,"A",,"A",,"A",,"A",,"A",,"A",,"A",,"A"
"20122",2533862,15,0,"1",,"A",.,"A",35,"D",,"A",,"A",,"A",,"A",,"A",,"A",,"A",,"A",,"A"
"20122",2534262,26,0,"1",,"A",.,"A",200,"D",,"A",,"A",,"A",,"A",,"A",,"A",,"A",,"A",,"A"
"20122",2534352,18,0,"1",,"A",.,"A",30,"D",,"A",,"A",,"A",,"A",,"A",,"A",,"A",,"A",,"A"
"20122",2534902,18,0,"1",,"A",.,"A",50,"D",,"A",,"A",,"A",,"A",,"A",,"A",,"A",,"A",,"A"
"20122",2535662,18,0,"1","170","D",40,"D",.,"A",,"A",,"A",,"A",,"A",,"A",,"A",,"A",,"A",,"A"
"20122",2537202,15,0,"1","150","D",1000,"F",.,"A",,"A",,"A",,"A",,"A",,"A",,"A",,"A",,"A",,"A"
"20122",2537862,21,0,"1","170","D",335,"D",.,"A",,"A",,"A",,"A",,"A",,"A",,"A",,"A",,"A",,"A"
"20122",2538492,24,0,"1","300","D",200,"D",.,"A",,"A",,"A",,"A",,"A",,"A",,"A",,"A",,"A",,"A"
"20122",2538532,16,0,"1","170","D",100,"D",.,"A",,"A",,"A",,"A",,"A",,"A",,"A",,"A",,"A",,"A"
"20122",2539922,16,0,"1",,"A",.,"A",300,"D",,"A",,"A",,"A",,"A",,"A",,"A",,"A",,"A",,"A"
"20122",2540562,23,0,"1",,"A",.,"A",100,"D",,"A",,"A",,"A",,"A",,"A",,"A",,"A",,"A",,"A"
"20122",2541602,16,0,"1","300","D",101,"D",.,"A",,"A",,"A",,"A",,"A",,"A",,"A",,"A",,"A",,"A"
"20122",2542782,15,0,"1","180","D",300,"D",.,"A",,"A",,"A",,"A",,"A",,"A",,"A",,"A",,"A",,"A"
"20122",2543392,23,0,"1","140","D",80,"D",.,"A",,"A",,"A",,"A",,"A",,"A",,"A",,"A",,"A",,"A"
"20122",2543432,26,0,"1","150","D",243,"D",.,"A",,"A",,"A",,"A",,"A",,"A",,"A",,"A",,"A",,"A"
"20122",2543752,24,0,"1","300","D",65,"D",.,"A",,"A",,"A",,"A",,"A",,"A",,"A",,"A",,"A",,"A"
"20122",2544872,34,0,"1","310","D",.,"H",.,"A","300","D","200","D",,"A",,"A",,"A",,"A",,"A",,"A",,"A"
"20122",2544872,34,1,"1","300","D",100,"E",.,"A",,"A",,"A",,"A",,"A",,"A",,"A",,"A",,"A",,"A"
"20123",2445245,21,0,"1",,"A",.,"A",400,"D",,"A",,"A",,"A",,"A",,"A",,"A",,"A",,"A",,"A"
"20123",2446065,17,0,"1","170","D",100,"D",.,"A",,"A",,"A",,"A",,"A",,"A",,"A",,"A",,"A",,"A"
"20123",2447505,18,0,"1","130","D",40,"D",.,"A",,"A",,"A",,"A",,"A",,"A",,"A",,"A",,"A",,"A"
"20123",2449125,22,0,"1","120","D",480,"D",.,"A",,"A",,"A",,"A",,"A",,"A",,"A",,"A",,"A",,"A"
"20123",2450675,17,0,"1","180","D",60,"D",.,"A",,"A",,"A",,"A",,"A",,"A",,"A",,"A",,"A",,"A"
"20123",2450715,22,0,"1","220","D",239,"D",.,"A",,"A",,"A",,"A",,"A",,"A",,"A",,"A",,"A",,"A"
"20123",2450775,16,0,"1",,"A",.,"A",400,"D",,"A",,"A",,"A",,"A",,"A",,"A",,"A",,"A",,"A"
"20123",2451165,18,0,"1",,"A",.,"A",150,"D",,"A",,"A",,"A",,"A",,"A",,"A",,"A",,"A",,"A"
"20123",2452505,28,0,"1",,"A",.,"A",35,"D",,"A",,"A",,"A",,"A",,"A",,"A",,"A",,"A",,"A"
"20123",2453145,25,0,"1",,"A",.,"A",150,"D",,"A",,"A",,"A",,"A",,"A",,"A",,"A",,"A",,"A"
"20123",2453235,17,0,"1",,"A",.,"A",300,"D",,"A",,"A",,"A",,"A",,"A",,"A",,"A",,"A",,"A"
"20123",2453805,16,0,"1","120","D",177,"D",.,"A",,"A",,"A",,"A",,"A",,"A",,"A",,"A",,"A",,"A"
"20123",2454535,16,0,"1",,"A",.,"A",10,"D",,"A",,"A",,"A",,"A",,"A",,"A",,"A",,"A",,"A"
"20123",2455475,23,0,"1","300","D",590,"D",.,"A",,"A",,"A",,"A",,"A",,"A",,"A",,"A",,"A",,"A"
"20123",2455665,17,0,"1","150","D",135,"D",.,"A",,"A",,"A",,"A",,"A",,"A",,"A",,"A",,"A",,"A"
"20123",2455825,39,0,"1","260","D",120,"D",.,"A",,"A",,"A",,"A",,"A",,"A",,"A",,"A",,"A",,"A"
"20123",2457445,21,0,"1",,"A",.,"A",88,"D",,"A",,"A",,"A",,"A",,"A",,"A",,"A",,"A",,"A"
"20123",2457735,22,0,"1","170","D",35,"D",.,"A",,"A",,"A",,"A",,"A",,"A",,"A",,"A",,"A",,"A"
"20123",2458025,36,0,"1",,"A",.,"A",400,"D",,"A",,"A",,"A",,"A",,"A",,"A",,"A",,"A",,"A"
"20123",2458065,14,0,"1",,"A",.,"A",400,"D",,"A",,"A",,"A",,"A",,"A",,"A",,"A",,"A",,"A"
"20123",2461645,13,0,"1","130","D",3500,"D",.,"A",,"A",,"A",,"A",,"A",,"A",,"A",,"A",,"A",,"A"
"20123",2462565,13,0,"1","190","D",23,"D",.,"A",,"A",,"A",,"A",,"A",,"A",,"A",,"A",,"A",,"A"
"20123",2465305,15,0,"1","170","D",15,"D",.,"A",,"A",,"A",,"A",,"A",,"A",,"A",,"A",,"A",,"A"
"20123",2466165,26,0,"1","130","D",100,"D",.,"A",,"A",,"A",,"A",,"A",,"A",,"A",,"A",,"A",,"A"
"20123",2466235,19,0,"1",,"A",.,"A",90,"D",,"A",,"A",,"A",,"A",,"A",,"A",,"A",,"A",,"A"
"20123",2466315,17,0,"1","210","D",635,"D",.,"A",,"A",,"A",,"A",,"A",,"A",,"A",,"A",,"A",,"A"
"20123",2466335,22,0,"1",,"A",.,"A",50,"D",,"A",,"A",,"A",,"A",,"A",,"A",,"A",,"A",,"A"
"20123",2467905,19,0,"1","170","D",30,"D",.,"A",,"A",,"A",,"A",,"A",,"A",,"A",,"A",,"A",,"A"
"20123",2468255,16,0,"1","110","D",200,"D",.,"A",,"A",,"A",,"A",,"A",,"A",,"A",,"A",,"A",,"A"
"20123",2470975,21,0,"1","300","D",375,"D",.,"A",,"A",,"A",,"A",,"A",,"A",,"A",,"A",,"A",,"A"
"20123",2471165,31,0,"1","300","D",47,"D",.,"A",,"A",,"A",,"A",,"A",,"A",,"A",,"A",,"A",,"A"
"20123",2472445,17,0,"1","140","D",138,"D",.,"A",,"A",,"A",,"A",,"A",,"A",,"A",,"A",,"A",,"A"
"20123",2472465,20,0,"1","130","D",2400,"D",.,"A",,"A",,"A",,"A",,"A",,"A",,"A",,"A",,"A",,"A"
"20123",2473855,17,0,"1","300","D",500,"D",.,"A",,"A",,"A",,"A",,"A",,"A",,"A",,"A",,"A",,"A"
"20123",2474135,27,0,"1","130","D",600,"D",.,"A",,"A",,"A",,"A",,"A",,"A",,"A",,"A",,"A",,"A"
"20123",2474245,27,0,"1",,"A",.,"A",200,"D",,"A",,"A",,"A",,"A",,"A",,"A",,"A",,"A",,"A"
"20123",2474295,22,0,"1",,"A",.,"A",422,"D",,"A",,"A",,"A",,"A",,"A",,"A",,"A",,"A",,"A"
"20123",2474625,19,0,"1","300","D",1000,"D",.,"A",,"A",,"A",,"A",,"A",,"A",,"A",,"A",,"A",,"A"
"20123",2475155,14,0,"1","300","D",75,"D",.,"A",,"A",,"A",,"A",,"A",,"A",,"A",,"A",,"A",,"A"
"20123",2475505,25,0,"1",,"A",.,"A",50,"D",,"A",,"A",,"A",,"A",,"A",,"A",,"A",,"A",,"A"
"20123",2477204,22,0,"1","170","D",90,"D",.,"A",,"A",,"A",,"A",,"A",,"A",,"A",,"A",,"A",,"A"
"20123",2477374,26,0,"1",,"A",.,"A",10,"D",,"A",,"A",,"A",,"A",,"A",,"A",,"A",,"A",,"A"
"20123",2480684,21,0,"1","180","D",8,"D",.,"A",,"A",,"A",,"A",,"A",,"A",,"A",,"A",,"A",,"A"
"20123",2482284,19,0,"1","300","D",25,"D",.,"A",,"A",,"A",,"A",,"A",,"A",,"A",,"A",,"A",,"A"
"20123",2483534,28,0,"1",,"A",.,"A",142,"D",,"A",,"A",,"A",,"A",,"A",,"A",,"A",,"A",,"A"
"20123",2485004,17,0,"1",,"A",.,"A",400,"D",,"A",,"A",,"A",,"A",,"A",,"A",,"A",,"A",,"A"
"20123",2485044,18,0,"1","300","D",750,"D",.,"A",,"A",,"A",,"A",,"A",,"A",,"A",,"A",,"A",,"A"
"20123",2485124,14,0,"1","200","D",45,"D",.,"A",,"A",,"A",,"A",,"A",,"A",,"A",,"A",,"A",,"A"
"20123",2486784,24,0,"1",,"A",.,"A",200,"D",,"A",,"A",,"A",,"A",,"A",,"A",,"A",,"A",,"A"
"20123",2489574,16,0,"1","170","D",30,"D",.,"A",,"A",,"A",,"A",,"A",,"A",,"A",,"A",,"A",,"A"
"20123",2489625,22,0,"1",,"A",.,"A",75,"D",,"A",,"A",,"A",,"A",,"A",,"A",,"A",,"A",,"A"
"20123",2489784,17,0,"1","280","D",150,"D",.,"A",,"A",,"A",,"A",,"A",,"A",,"A",,"A",,"A",,"A"
"20123",2490624,16,0,"1","180","D",226,"D",.,"A",,"A",,"A",,"A",,"A",,"A",,"A",,"A",,"A",,"A"
"20123",2491194,20,0,"1",,"A",.,"A",100,"D",,"A",,"A",,"A",,"A",,"A",,"A",,"A",,"A",,"A"
"20123",2491644,29,0,"1",,"A",.,"A",150,"D",,"A",,"A",,"A",,"A",,"A",,"A",,"A",,"A",,"A"
"20123",2492924,13,0,"1","130","D",35,"D",.,"A",,"A",,"A",,"A",,"A",,"A",,"A",,"A",,"A",,"A"
"20123",2494054,19,0,"1","170","D",12,"D",.,"A",,"A",,"A",,"A",,"A",,"A",,"A",,"A",,"A",,"A"
"20123",2494764,22,0,"1","280","D",40,"D",.,"A",,"A",,"A",,"A",,"A",,"A",,"A",,"A",,"A",,"A"
"20123",2494904,20,0,"1",,"A",.,"A",27,"D",,"A",,"A",,"A",,"A",,"A",,"A",,"A",,"A",,"A"
"20123",2495724,21,0,"1",,"A",.,"A",300,"D",,"A",,"A",,"A",,"A",,"A",,"A",,"A",,"A",,"A"
"20123",2495844,20,0,"1","300","D",2000,"D",.,"A",,"A",,"A",,"A",,"A",,"A",,"A",,"A",,"A",,"A"
"20123",2499964,19,0,"1",,"A",.,"A",300,"D",,"A",,"A",,"A",,"A",,"A",,"A",,"A",,"A",,"A"
"20123",2501254,19,0,"1","170","D",39,"D",.,"A",,"A",,"A",,"A",,"A",,"A",,"A",,"A",,"A",,"A"
"20123",2502074,13,0,"1","170","D",162,"D",.,"A",,"A",,"A",,"A",,"A",,"A",,"A",,"A",,"A",,"A"
"20123",2502294,21,0,"1","300","D",600,"D",.,"A",,"A",,"A",,"A",,"A",,"A",,"A",,"A",,"A",,"A"
"20123",2502994,22,0,"1","170","D",50,"D",.,"A",,"A",,"A",,"A",,"A",,"A",,"A",,"A",,"A",,"A"
"20123",2503234,25,0,"1","300","D",800,"D",.,"A",,"A",,"A",,"A",,"A",,"A",,"A",,"A",,"A",,"A"
"20123",2504104,21,0,"1","200","D",152,"D",.,"A",,"A",,"A",,"A",,"A",,"A",,"A",,"A",,"A",,"A"
"20123",2506014,17,0,"1",,"A",.,"A",150,"D",,"A",,"A",,"A",,"A",,"A",,"A",,"A",,"A",,"A"
"20123",2507444,21,0,"1",,"A",.,"A",30,"D",,"A",,"A",,"A",,"A",,"A",,"A",,"A",,"A",,"A"
"20123",2507744,19,0,"1","300","D",150,"D",.,"A",,"A",,"A",,"A",,"A",,"A",,"A",,"A",,"A",,"A"
"20123",2509364,18,0,"1","170","D",75,"D",.,"A",,"A",,"A",,"A",,"A",,"A",,"A",,"A",,"A",,"A"
"20123",2509854,31,0,"1",,"A",.,"A",30,"F",,"A",,"A",,"A",,"A",,"A",,"A",,"A",,"A",,"A"
"20123",2509934,19,0,"1",,"A",.,"A",61,"D",,"A",,"A",,"A",,"A",,"A",,"A",,"A",,"A",,"A"
"20123",2510854,20,0,"1","170","D",40,"D",.,"A",,"A",,"A",,"A",,"A",,"A",,"A",,"A",,"A",,"A"
"20123",2511264,46,0,"1","230","D",95,"D",.,"A",,"A",,"A",,"A",,"A",,"A",,"A",,"A",,"A",,"A"
"20123",2512633,16,0,"1","130","D",100,"D",.,"A",,"A",,"A",,"A",,"A",,"A",,"A",,"A",,"A",,"A"
"20123",2512933,15,0,"1","140","D",500,"D",.,"A",,"A",,"A",,"A",,"A",,"A",,"A",,"A",,"A",,"A"
"20123",2513353,21,0,"1","240","D",400,"D",.,"A",,"A",,"A",,"A",,"A",,"A",,"A",,"A",,"A",,"A"
"20123",2514193,17,0,"1","130","D",500,"D",.,"A",,"A",,"A",,"A",,"A",,"A",,"A",,"A",,"A",,"A"
"20123",2515813,17,0,"1",,"A",.,"A",66,"D",,"A",,"A",,"A",,"A",,"A",,"A",,"A",,"A",,"A"
"20123",2516454,21,0,"1",,"A",.,"A",100,"D",,"A",,"A",,"A",,"A",,"A",,"A",,"A",,"A",,"A"
"20123",2516543,18,0,"1","160","D",1000,"D",.,"A",,"A",,"A",,"A",,"A",,"A",,"A",,"A",,"A",,"A"
"20123",2517293,19,0,"1","200","D",1500,"D",.,"A",,"A",,"A",,"A",,"A",,"A",,"A",,"A",,"A",,"A"
"20123",2518133,16,1,"1","300","D",40,"E",.,"A",,"A",,"A",,"A",,"A",,"A",,"A",,"A",,"A",,"A"
"20123",2518133,16,0,"1","310","D",.,"H",.,"A","180","D","300","D",,"A",,"A",,"A",,"A",,"A",,"A",,"A"
"20123",2518583,18,0,"1","280","D",75,"D",.,"A",,"A",,"A",,"A",,"A",,"A",,"A",,"A",,"A",,"A"
"20123",2518714,19,0,"1","170","D",100,"D",.,"A",,"A",,"A",,"A",,"A",,"A",,"A",,"A",,"A",,"A"
"20123",2519933,30,0,"1",,"A",.,"A",200,"D",,"A",,"A",,"A",,"A",,"A",,"A",,"A",,"A",,"A"
"20123",2520233,16,0,"1","230","D",60,"D",.,"A",,"A",,"A",,"A",,"A",,"A",,"A",,"A",,"A",,"A"
"20123",2520243,19,0,"1",,"A",.,"A",75,"D",,"A",,"A",,"A",,"A",,"A",,"A",,"A",,"A",,"A"
"20123",2521093,52,0,"1","200","D",90,"D",.,"A",,"A",,"A",,"A",,"A",,"A",,"A",,"A",,"A",,"A"
"20123",2522563,44,0,"1","300","D",20,"D",.,"A",,"A",,"A",,"A",,"A",,"A",,"A",,"A",,"A",,"A"
"20123",2523423,19,0,"1","170","D",20,"D",.,"A",,"A",,"A",,"A",,"A",,"A",,"A",,"A",,"A",,"A"
"20123",2524353,17,0,"1","160","D",140,"D",.,"A",,"A",,"A",,"A",,"A",,"A",,"A",,"A",,"A",,"A"
"20123",2525333,16,0,"1",,"A",.,"A",200,"D",,"A",,"A",,"A",,"A",,"A",,"A",,"A",,"A",,"A"
"20123",2525983,19,0,"1","180","D",28,"D",.,"A",,"A",,"A",,"A",,"A",,"A",,"A",,"A",,"A",,"A"
"20123",2526763,17,0,"1","170","D",122,"D",.,"A",,"A",,"A",,"A",,"A",,"A",,"A",,"A",,"A",,"A"
"20123",2526983,28,0,"1","240","D",22,"D",.,"A",,"A",,"A",,"A",,"A",,"A",,"A",,"A",,"A",,"A"
"20123",2528263,20,0,"1","300","D",30,"D",.,"A",,"A",,"A",,"A",,"A",,"A",,"A",,"A",,"A",,"A"
"20123",2529333,23,0,"1","130","D",30,"D",.,"A",,"A",,"A",,"A",,"A",,"A",,"A",,"A",,"A",,"A"
"20123",2529573,22,0,"1","300","D",175,"D",.,"A",,"A",,"A",,"A",,"A",,"A",,"A",,"A",,"A",,"A"
"20123",2530223,19,0,"1","300","D",1035,"D",.,"A",,"A",,"A",,"A",,"A",,"A",,"A",,"A",,"A",,"A"
"20123",2531353,26,0,"1",,"A",.,"A",230,"D",,"A",,"A",,"A",,"A",,"A",,"A",,"A",,"A",,"A"
"20123",2532003,19,0,"1",,"A",.,"A",350,"D",,"A",,"A",,"A",,"A",,"A",,"A",,"A",,"A",,"A"
"20123",2532273,20,0,"1","130","D",147,"D",.,"A",,"A",,"A",,"A",,"A",,"A",,"A",,"A",,"A",,"A"
"20123",2533724,15,0,"1",,"A",.,"A",513,"D",,"A",,"A",,"A",,"A",,"A",,"A",,"A",,"A",,"A"
"20123",2533863,15,0,"1",,"A",.,"A",50,"D",,"A",,"A",,"A",,"A",,"A",,"A",,"A",,"A",,"A"
"20123",2534523,15,0,"1",,"A",.,"A",30,"D",,"A",,"A",,"A",,"A",,"A",,"A",,"A",,"A",,"A"
"20123",2534743,7,0,"1",,"A",.,"A",1500,"D",,"A",,"A",,"A",,"A",,"A",,"A",,"A",,"A",,"A"
"20123",2535993,20,0,"1","230","D",720,"D",.,"A",,"A",,"A",,"A",,"A",,"A",,"A",,"A",,"A",,"A"
"20123",2536953,21,0,"1","170","D",150,"D",.,"A",,"A",,"A",,"A",,"A",,"A",,"A",,"A",,"A",,"A"
"20123",2537963,27,0,"1","260","D",50,"D",.,"A",,"A",,"A",,"A",,"A",,"A",,"A",,"A",,"A",,"A"
"20123",2538253,14,0,"1","170","D",4,"D",.,"A",,"A",,"A",,"A",,"A",,"A",,"A",,"A",,"A",,"A"
"20123",2538513,14,0,"1","170","D",30,"D",.,"A",,"A",,"A",,"A",,"A",,"A",,"A",,"A",,"A",,"A"
"20123",2539623,22,0,"1","300","D",1700,"D",.,"A",,"A",,"A",,"A",,"A",,"A",,"A",,"A",,"A",,"A"
"20123",2539673,19,0,"1","200","D",35,"D",.,"A",,"A",,"A",,"A",,"A",,"A",,"A",,"A",,"A",,"A"
"20123",2539923,14,0,"1",,"A",.,"A",300,"D",,"A",,"A",,"A",,"A",,"A",,"A",,"A",,"A",,"A"
"20123",2540103,16,0,"1","230","D",300,"D",.,"A",,"A",,"A",,"A",,"A",,"A",,"A",,"A",,"A",,"A"
"20123",2540563,21,0,"1",,"A",.,"A",50,"D",,"A",,"A",,"A",,"A",,"A",,"A",,"A",,"A",,"A"
"20123",2540883,27,0,"1",,"A",.,"A",25,"D",,"A",,"A",,"A",,"A",,"A",,"A",,"A",,"A",,"A"
"20123",2541123,26,0,"1","140","D",500,"D",.,"A",,"A",,"A",,"A",,"A",,"A",,"A",,"A",,"A",,"A"
"20123",2542013,14,0,"1",,"A",.,"A",1600,"D",,"A",,"A",,"A",,"A",,"A",,"A",,"A",,"A",,"A"
"20123",2543353,27,0,"1",,"A",.,"A",35,"D",,"A",,"A",,"A",,"A",,"A",,"A",,"A",,"A",,"A"
"20123",2543433,21,0,"1","290","D",107,"D",.,"A",,"A",,"A",,"A",,"A",,"A",,"A",,"A",,"A",,"A"
"20123",2544513,22,0,"1","130","D",800,"D",.,"A",,"A",,"A",,"A",,"A",,"A",,"A",,"A",,"A",,"A"
"20123",2544583,19,0,"1",,"A",.,"A",30,"D",,"A",,"A",,"A",,"A",,"A",,"A",,"A",,"A",,"A"
"20123",2544773,17,0,"1","300","D",669,"D",.,"A",,"A",,"A",,"A",,"A",,"A",,"A",,"A",,"A",,"A"
"20123",2544873,35,2,"1","180","D",10,"E",.,"A",,"A",,"A",,"A",,"A",,"A",,"A",,"A",,"A",,"A"
"20123",2544873,35,1,"1","300","D",90,"E",.,"A",,"A",,"A",,"A",,"A",,"A",,"A",,"A",,"A",,"A"
"20123",2544873,35,0,"1","310","D",.,"H",100,"D","300","D","180","D",,"A",,"A",,"A",,"A",,"A",,"A",,"A"
"20123",2546672,19,0,"1",,"A",.,"A",50,"D",,"A",,"A",,"A",,"A",,"A",,"A",,"A",,"A",,"A"
"20123",2546872,18,0,"1","300","D",273,"D",.,"A",,"A",,"A",,"A",,"A",,"A",,"A",,"A",,"A",,"A"
"20123",2546902,19,0,"1",,"A",.,"A",75,"D",,"A",,"A",,"A",,"A",,"A",,"A",,"A",,"A",,"A"
"20123",2547482,17,0,"1",,"A",.,"A",210,"D",,"A",,"A",,"A",,"A",,"A",,"A",,"A",,"A",,"A"
"20123",2547612,15,0,"1","300","D",39,"D",.,"A",,"A",,"A",,"A",,"A",,"A",,"A",,"A",,"A",,"A"
"20123",2548342,19,0,"1","300","D",49,"D",.,"A",,"A",,"A",,"A",,"A",,"A",,"A",,"A",,"A",,"A"
"20123",2548452,18,0,"1",,"A",.,"A",700,"D",,"A",,"A",,"A",,"A",,"A",,"A",,"A",,"A",,"A"
"20123",2548502,18,0,"1",,"A",.,"A",10,"D",,"A",,"A",,"A",,"A",,"A",,"A",,"A",,"A",,"A"
"20123",2549012,17,0,"1","300","D",81,"D",.,"A",,"A",,"A",,"A",,"A",,"A",,"A",,"A",,"A",,"A"
"20123",2549892,50,0,"1","230","D",100,"D",50,"D",,"A",,"A",,"A",,"A",,"A",,"A",,"A",,"A",,"A"
"20123",2550302,13,0,"1","130","D",300,"D",.,"A",,"A",,"A",,"A",,"A",,"A",,"A",,"A",,"A",,"A"
"20123",2550662,17,0,"1","130","D",550,"D",.,"A",,"A",,"A",,"A",,"A",,"A",,"A",,"A",,"A",,"A"
"20123",2550792,14,0,"1","300","D",25,"D",.,"A",,"A",,"A",,"A",,"A",,"A",,"A",,"A",,"A",,"A"
"20123",2551152,18,0,"1","210","D",100,"D",.,"A",,"A",,"A",,"A",,"A",,"A",,"A",,"A",,"A",,"A"
"20123",2555012,15,0,"1","130","D",45,"D",.,"A",,"A",,"A",,"A",,"A",,"A",,"A",,"A",,"A",,"A"
"20123",2555232,14,0,"1","300","D",789,"D",.,"A",,"A",,"A",,"A",,"A",,"A",,"A",,"A",,"A",,"A"
"20123",2555372,17,0,"1",,"A",.,"A",250,"D",,"A",,"A",,"A",,"A",,"A",,"A",,"A",,"A",,"A"
"20123",2556222,19,0,"1","200","D",30,"D",.,"A",,"A",,"A",,"A",,"A",,"A",,"A",,"A",,"A",,"A"
"20123",2556872,16,0,"1","130","D",8,"D",.,"A",,"A",,"A",,"A",,"A",,"A",,"A",,"A",,"A",,"A"
"20123",2557182,18,0,"1","300","D",75,"D",.,"A",,"A",,"A",,"A",,"A",,"A",,"A",,"A",,"A",,"A"
"20123",2557682,23,0,"1",,"A",.,"A",600,"D",,"A",,"A",,"A",,"A",,"A",,"A",,"A",,"A",,"A"
"20123",2557732,22,0,"1",,"A",.,"A",500,"D",,"A",,"A",,"A",,"A",,"A",,"A",,"A",,"A",,"A"
"20123",2558992,18,0,"1","200","D",100,"D",.,"A",,"A",,"A",,"A",,"A",,"A",,"A",,"A",,"A",,"A"
"20123",2559422,21,0,"1","140","D",40,"D",.,"A",,"A",,"A",,"A",,"A",,"A",,"A",,"A",,"A",,"A"
"20123",2559592,19,0,"1","300","D",320,"D",.,"A",,"A",,"A",,"A",,"A",,"A",,"A",,"A",,"A",,"A"
"20123",2560362,20,0,"1","170","D",55,"D",.,"A",,"A",,"A",,"A",,"A",,"A",,"A",,"A",,"A",,"A"
"20123",2560692,34,0,"1",,"A",.,"A",250,"D",,"A",,"A",,"A",,"A",,"A",,"A",,"A",,"A",,"A"
"20123",2561112,14,0,"1",,"A",.,"A",300,"D",,"A",,"A",,"A",,"A",,"A",,"A",,"A",,"A",,"A"
"20123",2561872,21,0,"1","180","D",365,"D",.,"A",,"A",,"A",,"A",,"A",,"A",,"A",,"A",,"A",,"A"
"20123",2562462,20,0,"1",,"A",.,"A",330,"D",,"A",,"A",,"A",,"A",,"A",,"A",,"A",,"A",,"A"
"20123",2562552,14,0,"1","300","D",9,"D",.,"A",,"A",,"A",,"A",,"A",,"A",,"A",,"A",,"A",,"A"
"20123",2562812,20,0,"1","150","D",65,"D",.,"A",,"A",,"A",,"A",,"A",,"A",,"A",,"A",,"A",,"A"
"20123",2562932,25,0,"1","130","D",240,"D",.,"A",,"A",,"A",,"A",,"A",,"A",,"A",,"A",,"A",,"A"
"20123",2564552,19,0,"1","170","D",56,"D",.,"A",,"A",,"A",,"A",,"A",,"A",,"A",,"A",,"A",,"A"
"20123",2565962,17,0,"1","300","D",28,"D",.,"A",,"A",,"A",,"A",,"A",,"A",,"A",,"A",,"A",,"A"
"20123",2566292,25,0,"1",,"A",.,"A",60,"D",,"A",,"A",,"A",,"A",,"A",,"A",,"A",,"A",,"A"
"20123",2566782,13,0,"1",,"A",.,"A",240,"D",,"A",,"A",,"A",,"A",,"A",,"A",,"A",,"A",,"A"
"20123",2567052,15,0,"1",,"A",.,"A",1500,"D",,"A",,"A",,"A",,"A",,"A",,"A",,"A",,"A",,"A"
"20123",2570122,20,0,"1",,"A",.,"A",38,"D",,"A",,"A",,"A",,"A",,"A",,"A",,"A",,"A",,"A"
"20123",2571082,24,0,"1",,"A",.,"A",148,"D",,"A",,"A",,"A",,"A",,"A",,"A",,"A",,"A",,"A"
"20123",2572542,16,0,"1",,"A",.,"A",75,"D",,"A",,"A",,"A",,"A",,"A",,"A",,"A",,"A",,"A"
"20123",2572632,18,0,"1","160","D",100,"D",.,"A",,"A",,"A",,"A",,"A",,"A",,"A",,"A",,"A",,"A"
"20123",2573022,19,1,"1","170","D",200,"E",.,"A",,"A",,"A",,"A",,"A",,"A",,"A",,"A",,"A",,"A"
"20123",2573022,19,0,"1","310","D",.,"H",.,"A","170","D","210","D",,"A",,"A",,"A",,"A",,"A",,"A",,"A"
"20123",2573532,65,0,"1","300","D",150,"D",300,"D",,"A",,"A",,"A",,"A",,"A",,"A",,"A",,"A",,"A"
"20123",2573612,19,0,"1","160","D",200,"D",.,"A",,"A",,"A",,"A",,"A",,"A",,"A",,"A",,"A",,"A"
"20123",2574102,34,0,"1","230","D",150,"D",.,"A",,"A",,"A",,"A",,"A",,"A",,"A",,"A",,"A",,"A"
"20123",2574412,34,0,"1","230","D",400,"D",.,"A",,"A",,"A",,"A",,"A",,"A",,"A",,"A",,"A",,"A"
"20123",2574782,25,0,"1","140","D",350,"D",170,"D",,"A",,"A",,"A",,"A",,"A",,"A",,"A",,"A",,"A"
"20123",2575042,19,0,"1",,"A",.,"A",50,"D",,"A",,"A",,"A",,"A",,"A",,"A",,"A",,"A",,"A"
"20123",2575232,32,0,"1","300","D",300,"D",.,"A",,"A",,"A",,"A",,"A",,"A",,"A",,"A",,"A",,"A"
"20123",2575362,19,0,"1","170","D",30,"D",.,"A",,"A",,"A",,"A",,"A",,"A",,"A",,"A",,"A",,"A"
"20123",2575412,16,0,"1",,"A",.,"A",75,"D",,"A",,"A",,"A",,"A",,"A",,"A",,"A",,"A",,"A"
"20123",2575492,21,0,"1",,"A",.,"A",200,"D",,"A",,"A",,"A",,"A",,"A",,"A",,"A",,"A",,"A"
"20123",2575712,18,0,"1","300","D",50,"D",.,"A",,"A",,"A",,"A",,"A",,"A",,"A",,"A",,"A",,"A"
"20123",2576972,30,0,"1","170","D",70,"D",.,"A",,"A",,"A",,"A",,"A",,"A",,"A",,"A",,"A",,"A"
"20123",2577102,24,0,"1",,"A",.,"A",40,"D",,"A",,"A",,"A",,"A",,"A",,"A",,"A",,"A",,"A"
"20123",2577572,14,0,"1","170","D",4,"D",.,"A",,"A",,"A",,"A",,"A",,"A",,"A",,"A",,"A",,"A"
"20123",2584022,23,0,"1","140","D",50,"D",.,"A",,"A",,"A",,"A",,"A",,"A",,"A",,"A",,"A",,"A"
"20123",2604744,22,0,"1",,"A",.,"A",30,"D",,"A",,"A",,"A",,"A",,"A",,"A",,"A",,"A",,"A"
"20124",2477065,24,0,"1",,"A",.,"A",36,"D",,"A",,"A",,"A",,"A",,"A",,"A",,"A",,"A",,"A"
"20124",2478525,19,0,"1",,"A",.,"A",32,"D",,"A",,"A",,"A",,"A",,"A",,"A",,"A",,"A",,"A"
"20124",2478565,25,0,"1","300","D",1000,"D",.,"A",,"A",,"A",,"A",,"A",,"A",,"A",,"A",,"A",,"A"
"20124",2479355,22,0,"1",,"A",.,"A",13,"D",,"A",,"A",,"A",,"A",,"A",,"A",,"A",,"A",,"A"
"20124",2479915,24,0,"1","140","D",20,"D",.,"A",,"A",,"A",,"A",,"A",,"A",,"A",,"A",,"A",,"A"
"20124",2480425,28,0,"1","310","D",.,"H",.,"A","170","D","190","D",,"A",,"A",,"A",,"A",,"A",,"A",,"A"
"20124",2480425,28,1,"1","170","D",213,"E",.,"A",,"A",,"A",,"A",,"A",,"A",,"A",,"A",,"A",,"A"
"20124",2481375,17,0,"1","260","D",55,"D",.,"A",,"A",,"A",,"A",,"A",,"A",,"A",,"A",,"A",,"A"
"20124",2482165,19,0,"1",,"A",.,"A",100,"D",,"A",,"A",,"A",,"A",,"A",,"A",,"A",,"A",,"A"
"20124",2482355,15,0,"1",,"A",.,"A",13,"D",,"A",,"A",,"A",,"A",,"A",,"A",,"A",,"A",,"A"
"20124",2483845,18,0,"1","210","D",12746,"T",.,"A",,"A",,"A",,"A",,"A",,"A",,"A",,"A",,"A",,"A"
"20124",2485005,19,0,"1",,"A",.,"A",600,"D",,"A",,"A",,"A",,"A",,"A",,"A",,"A",,"A",,"A"
"20124",2485695,21,0,"1",,"A",.,"A",20,"D",,"A",,"A",,"A",,"A",,"A",,"A",,"A",,"A",,"A"
"20124",2486785,20,0,"1",,"A",.,"A",300,"D",,"A",,"A",,"A",,"A",,"A",,"A",,"A",,"A",,"A"
"20124",2487505,30,0,"1","300","D",200,"D",.,"A",,"A",,"A",,"A",,"A",,"A",,"A",,"A",,"A",,"A"
"20124",2488185,15,0,"1","170","D",160,"D",.,"A",,"A",,"A",,"A",,"A",,"A",,"A",,"A",,"A",,"A"
"20124",2488785,21,0,"1","300","D",50,"D",.,"A",,"A",,"A",,"A",,"A",,"A",,"A",,"A",,"A",,"A"
"20124",2489585,30,0,"1","130","D",200,"D",.,"A",,"A",,"A",,"A",,"A",,"A",,"A",,"A",,"A",,"A"
"20124",2490625,20,0,"1",,"A",.,"A",10,"D",,"A",,"A",,"A",,"A",,"A",,"A",,"A",,"A",,"A"
"20124",2491375,18,0,"1","200","D",98,"D",.,"A",,"A",,"A",,"A",,"A",,"A",,"A",,"A",,"A",,"A"
"20124",2491645,28,0,"1",,"A",.,"A",90,"D",,"A",,"A",,"A",,"A",,"A",,"A",,"A",,"A",,"A"
"20124",2491905,16,0,"1","300","D",250,"D",.,"A",,"A",,"A",,"A",,"A",,"A",,"A",,"A",,"A",,"A"
"20124",2493915,17,0,"1",,"A",.,"A",300,"D",,"A",,"A",,"A",,"A",,"A",,"A",,"A",,"A",,"A"
"20124",2494425,18,0,"1","170","D",100,"D",.,"A",,"A",,"A",,"A",,"A",,"A",,"A",,"A",,"A",,"A"
"20124",2494585,13,0,"1","130","D",200,"D",.,"A",,"A",,"A",,"A",,"A",,"A",,"A",,"A",,"A",,"A"
"20124",2495075,23,0,"1","220","D",22,"D",.,"A",,"A",,"A",,"A",,"A",,"A",,"A",,"A",,"A",,"A"
"20124",2495665,16,0,"1","220","D",86,"D",.,"A",,"A",,"A",,"A",,"A",,"A",,"A",,"A",,"A",,"A"
"20124",2495725,21,0,"1",,"A",.,"A",450,"D",,"A",,"A",,"A",,"A",,"A",,"A",,"A",,"A",,"A"
"20124",2495915,20,0,"1","130","D",265,"D",.,"A",,"A",,"A",,"A",,"A",,"A",,"A",,"A",,"A",,"A"
"20124",2496535,19,0,"1","300","D",55,"D",.,"A",,"A",,"A",,"A",,"A",,"A",,"A",,"A",,"A",,"A"
"20124",2498755,19,0,"1",,"A",.,"A",28,"D",,"A",,"A",,"A",,"A",,"A",,"A",,"A",,"A",,"A"
"20124",2499965,21,0,"1",,"A",.,"A",150,"D",,"A",,"A",,"A",,"A",,"A",,"A",,"A",,"A",,"A"
"20124",2500535,20,0,"1",,"A",.,"A",50,"D",,"A",,"A",,"A",,"A",,"A",,"A",,"A",,"A",,"A"
"20124",2502875,18,0,"1",,"A",.,"A",5,"D",,"A",,"A",,"A",,"A",,"A",,"A",,"A",,"A",,"A"
"20124",2503095,20,0,"1","180","D",300,"D",.,"A",,"A",,"A",,"A",,"A",,"A",,"A",,"A",,"A",,"A"
"20124",2503235,23,0,"1","310","D",.,"H",.,"A","310","D","180","D",,"A",,"A",,"A",,"A",,"A",,"A",,"A"
"20124",2503235,23,1,"1","180","D",57,"E",.,"A",,"A",,"A",,"A",,"A",,"A",,"A",,"A",,"A",,"A"
"20124",2503235,23,2,"1","300","D",143,"E",.,"A",,"A",,"A",,"A",,"A",,"A",,"A",,"A",,"A",,"A"
"20124",2503415,32,0,"1",,"A",.,"A",200,"D",,"A",,"A",,"A",,"A",,"A",,"A",,"A",,"A",,"A"
"20124",2503435,18,0,"1","170","D",130,"D",.,"A",,"A",,"A",,"A",,"A",,"A",,"A",,"A",,"A",,"A"
"20124",2503825,15,0,"1","170","D",125,"D",.,"A",,"A",,"A",,"A",,"A",,"A",,"A",,"A",,"A",,"A"
"20124",2506015,20,0,"1",,"A",.,"A",75,"D",,"A",,"A",,"A",,"A",,"A",,"A",,"A",,"A",,"A"
"20124",2506825,16,0,"1","190","D",75,"D",.,"A",,"A",,"A",,"A",,"A",,"A",,"A",,"A",,"A",,"A"
"20124",2507445,21,0,"1",,"A",.,"A",10,"D",,"A",,"A",,"A",,"A",,"A",,"A",,"A",,"A",,"A"
"20124",2507475,20,0,"1","300","D",25,"D",.,"A",,"A",,"A",,"A",,"A",,"A",,"A",,"A",,"A",,"A"
"20124",2507815,16,0,"1","170","D",50,"D",.,"A",,"A",,"A",,"A",,"A",,"A",,"A",,"A",,"A",,"A"
"20124",2510655,16,0,"1","130","D",195,"D",.,"A",,"A",,"A",,"A",,"A",,"A",,"A",,"A",,"A",,"A"
"20124",2511994,15,0,"1","180","D",110,"D",.,"A",,"A",,"A",,"A",,"A",,"A",,"A",,"A",,"A",,"A"
"20124",2512504,26,0,"1",,"A",.,"A",117,"D",,"A",,"A",,"A",,"A",,"A",,"A",,"A",,"A",,"A"
"20124",2512794,14,0,"1","210","D",500,"D",.,"A",,"A",,"A",,"A",,"A",,"A",,"A",,"A",,"A",,"A"
"20124",2513934,20,0,"1","220","D",15,"D",.,"A",,"A",,"A",,"A",,"A",,"A",,"A",,"A",,"A",,"A"
"20124",2516024,25,0,"1","180","D",20,"D",.,"A",,"A",,"A",,"A",,"A",,"A",,"A",,"A",,"A",,"A"
"20124",2516814,27,0,"1","140","D",7,"D",.,"A",,"A",,"A",,"A",,"A",,"A",,"A",,"A",,"A",,"A"
"20124",2517804,25,0,"1","280","D",30,"D",200,"D",,"A",,"A",,"A",,"A",,"A",,"A",,"A",,"A",,"A"
"20124",2519144,17,0,"1","300","D",140,"D",.,"A",,"A",,"A",,"A",,"A",,"A",,"A",,"A",,"A",,"A"
"20124",2519204,23,0,"1","300","D",100,"D",.,"A",,"A",,"A",,"A",,"A",,"A",,"A",,"A",,"A",,"A"
"20124",2519774,17,0,"1",,"A",.,"A",2000,"D",,"A",,"A",,"A",,"A",,"A",,"A",,"A",,"A",,"A"
"20124",2519934,24,0,"1",,"A",.,"A",50,"D",,"A",,"A",,"A",,"A",,"A",,"A",,"A",,"A",,"A"
"20124",2520244,18,0,"1",,"A",.,"A",180,"D",,"A",,"A",,"A",,"A",,"A",,"A",,"A",,"A",,"A"
"20124",2520374,18,0,"1",,"A",.,"A",900,"D",,"A",,"A",,"A",,"A",,"A",,"A",,"A",,"A",,"A"
"20124",2520504,13,0,"1","300","D",96,"D",.,"A",,"A",,"A",,"A",,"A",,"A",,"A",,"A",,"A",,"A"
"20124",2521334,23,0,"1",,"A",.,"A",75,"D",,"A",,"A",,"A",,"A",,"A",,"A",,"A",,"A",,"A"
"20124",2522284,14,0,"1",,"A",.,"A",10,"D",,"A",,"A",,"A",,"A",,"A",,"A",,"A",,"A",,"A"
"20124",2522434,20,0,"1","300","D",65,"D",.,"A",,"A",,"A",,"A",,"A",,"A",,"A",,"A",,"A",,"A"
"20124",2522614,19,0,"1","140","D",60,"D",.,"A",,"A",,"A",,"A",,"A",,"A",,"A",,"A",,"A",,"A"
"20124",2523734,15,0,"1","170","D",88,"D",.,"A",,"A",,"A",,"A",,"A",,"A",,"A",,"A",,"A",,"A"
"20124",2525044,14,0,"1","200","D",1,"D",.,"A",,"A",,"A",,"A",,"A",,"A",,"A",,"A",,"A",,"A"
"20124",2526914,24,0,"1",,"A",.,"A",300,"D",,"A",,"A",,"A",,"A",,"A",,"A",,"A",,"A",,"A"
"20124",2528484,16,0,"1","130","D",90,"D",.,"A",,"A",,"A",,"A",,"A",,"A",,"A",,"A",,"A",,"A"
"20124",2528504,34,0,"1","170","D",70,"D",.,"A",,"A",,"A",,"A",,"A",,"A",,"A",,"A",,"A",,"A"
"20124",2529574,24,0,"1","170","D",150,"D",.,"A",,"A",,"A",,"A",,"A",,"A",,"A",,"A",,"A",,"A"
"20124",2529584,14,0,"1","290","D",4,"D",.,"A",,"A",,"A",,"A",,"A",,"A",,"A",,"A",,"A",,"A"
"20124",2531354,17,0,"1",,"A",.,"A",12,"D",,"A",,"A",,"A",,"A",,"A",,"A",,"A",,"A",,"A"
"20124",2532064,27,0,"1",,"A",.,"A",15,"D",,"A",,"A",,"A",,"A",,"A",,"A",,"A",,"A",,"A"
"20124",2533844,14,0,"1",,"A",.,"A",40,"D",,"A",,"A",,"A",,"A",,"A",,"A",,"A",,"A",,"A"
"20124",2533864,18,0,"1",,"A",.,"A",115,"D",,"A",,"A",,"A",,"A",,"A",,"A",,"A",,"A",,"A"
"20124",2534744,15,0,"1",,"A",.,"A",600,"D",,"A",,"A",,"A",,"A",,"A",,"A",,"A",,"A",,"A"
"20124",2534904,24,0,"1",,"A",.,"A",15,"D",,"A",,"A",,"A",,"A",,"A",,"A",,"A",,"A",,"A"
"20124",2535214,27,0,"1","130","D",250,"D",.,"A",,"A",,"A",,"A",,"A",,"A",,"A",,"A",,"A",,"A"
"20124",2535944,23,0,"1","220","D",38,"D",.,"A",,"A",,"A",,"A",,"A",,"A",,"A",,"A",,"A",,"A"
"20124",2536244,15,0,"1","300","D",150,"D",.,"A",,"A",,"A",,"A",,"A",,"A",,"A",,"A",,"A",,"A"
"20124",2536704,24,0,"1",,"A",.,"A",241,"D",,"A",,"A",,"A",,"A",,"A",,"A",,"A",,"A",,"A"
"20124",2537444,15,0,"1","230","D",300,"D",.,"A",,"A",,"A",,"A",,"A",,"A",,"A",,"A",,"A",,"A"
"20124",2539984,15,0,"1","270","D",300,"D",.,"A",,"A",,"A",,"A",,"A",,"A",,"A",,"A",,"A",,"A"
"20124",2540564,22,0,"1",,"A",.,"A",600,"D",,"A",,"A",,"A",,"A",,"A",,"A",,"A",,"A",,"A"
"20124",2542054,44,0,"1","180","D",84,"D",.,"A",,"A",,"A",,"A",,"A",,"A",,"A",,"A",,"A",,"A"
"20124",2543434,28,0,"1","160","D",80,"D",.,"A",,"A",,"A",,"A",,"A",,"A",,"A",,"A",,"A",,"A"
"20124",2544874,18,0,"1","270","D",80,"D",.,"A",,"A",,"A",,"A",,"A",,"A",,"A",,"A",,"A",,"A"
"20124",2546073,17,0,"1","200","D",65,"D",.,"A",,"A",,"A",,"A",,"A",,"A",,"A",,"A",,"A",,"A"
"20124",2546873,14,0,"1",,"A",.,"A",9,"D",,"A",,"A",,"A",,"A",,"A",,"A",,"A",,"A",,"A"
"20124",2547483,17,0,"1",,"A",.,"A",300,"D",,"A",,"A",,"A",,"A",,"A",,"A",,"A",,"A",,"A"
"20124",2547513,18,0,"1","170","D",45,"D",.,"A",,"A",,"A",,"A",,"A",,"A",,"A",,"A",,"A",,"A"
"20124",2547953,35,0,"1",,"A",.,"A",55,"D",,"A",,"A",,"A",,"A",,"A",,"A",,"A",,"A",,"A"
"20124",2548343,18,0,"1","180","D",64,"D",.,"A",,"A",,"A",,"A",,"A",,"A",,"A",,"A",,"A",,"A"
"20124",2548923,13,0,"1","300","D",125,"D",.,"A",,"A",,"A",,"A",,"A",,"A",,"A",,"A",,"A",,"A"
"20124",2549893,39,0,"1","180","D",25,"D",.,"A",,"A",,"A",,"A",,"A",,"A",,"A",,"A",,"A",,"A"
"20124",2550403,28,0,"1",,"A",.,"A",620,"D",,"A",,"A",,"A",,"A",,"A",,"A",,"A",,"A",,"A"
"20124",2550483,18,0,"1","180","D",90,"D",.,"A",,"A",,"A",,"A",,"A",,"A",,"A",,"A",,"A",,"A"
"20124",2550663,15,0,"1","130","D",795,"D",.,"A",,"A",,"A",,"A",,"A",,"A",,"A",,"A",,"A",,"A"
"20124",2551203,17,0,"1","180","D",50,"D",.,"A",,"A",,"A",,"A",,"A",,"A",,"A",,"A",,"A",,"A"
"20124",2551723,37,0,"1","180","D",60,"D",.,"A",,"A",,"A",,"A",,"A",,"A",,"A",,"A",,"A",,"A"
"20124",2552593,25,0,"1","300","D",175,"D",.,"A",,"A",,"A",,"A",,"A",,"A",,"A",,"A",,"A",,"A"
"20124",2553703,20,0,"1",,"A",.,"A",50,"D",,"A",,"A",,"A",,"A",,"A",,"A",,"A",,"A",,"A"
"20124",2554503,18,0,"1",,"A",.,"A",50,"D",,"A",,"A",,"A",,"A",,"A",,"A",,"A",,"A",,"A"
"20124",2554963,21,0,"1",,"A",.,"A",40,"D",,"A",,"A",,"A",,"A",,"A",,"A",,"A",,"A",,"A"
"20124",2555373,16,0,"1",,"A",.,"A",25,"D",,"A",,"A",,"A",,"A",,"A",,"A",,"A",,"A",,"A"
"20124",2556253,17,0,"1","130","D",50,"D",.,"A",,"A",,"A",,"A",,"A",,"A",,"A",,"A",,"A",,"A"
"20124",2557543,25,0,"1","300","D",560,"D",.,"A",,"A",,"A",,"A",,"A",,"A",,"A",,"A",,"A",,"A"
"20124",2557683,18,0,"1",,"A",.,"A",100,"D",,"A",,"A",,"A",,"A",,"A",,"A",,"A",,"A",,"A"
"20124",2557733,18,0,"1",,"A",.,"A",600,"D",,"A",,"A",,"A",,"A",,"A",,"A",,"A",,"A",,"A"
"20124",2558653,21,0,"1","160","D",130,"D",.,"A",,"A",,"A",,"A",,"A",,"A",,"A",,"A",,"A",,"A"
"20124",2559343,17,0,"1",,"A",.,"A",170,"D",,"A",,"A",,"A",,"A",,"A",,"A",,"A",,"A",,"A"
"20124",2559593,18,0,"1","160","D",105,"D",.,"A",,"A",,"A",,"A",,"A",,"A",,"A",,"A",,"A",,"A"
"20124",2560313,14,0,"1","300","D",200,"D",.,"A",,"A",,"A",,"A",,"A",,"A",,"A",,"A",,"A",,"A"
"20124",2561053,18,0,"1","130","D",160,"D",.,"A",,"A",,"A",,"A",,"A",,"A",,"A",,"A",,"A",,"A"
"20124",2561113,16,0,"1",,"A",.,"A",270,"D",,"A",,"A",,"A",,"A",,"A",,"A",,"A",,"A",,"A"
"20124",2561433,20,0,"1","300","D",65,"D",29,"D",,"A",,"A",,"A",,"A",,"A",,"A",,"A",,"A",,"A"
"20124",2562463,22,0,"1",,"A",.,"A",330,"D",,"A",,"A",,"A",,"A",,"A",,"A",,"A",,"A",,"A"
"20124",2562573,19,0,"1","230","D",100,"D",.,"A",,"A",,"A",,"A",,"A",,"A",,"A",,"A",,"A",,"A"
"20124",2562603,13,0,"1","170","D",75,"D",.,"A",,"A",,"A",,"A",,"A",,"A",,"A",,"A",,"A",,"A"
"20124",2563023,25,0,"1",,"A",.,"A",125,"D",,"A",,"A",,"A",,"A",,"A",,"A",,"A",,"A",,"A"
"20124",2563093,19,0,"1","280","D",3000,"D",.,"A",,"A",,"A",,"A",,"A",,"A",,"A",,"A",,"A",,"A"
"20124",2564003,36,0,"1","200","D",80,"D",.,"A",,"A",,"A",,"A",,"A",,"A",,"A",,"A",,"A",,"A"
"20124",2565243,29,0,"1","170","D",89,"D",.,"A",,"A",,"A",,"A",,"A",,"A",,"A",,"A",,"A",,"A"
"20124",2565423,22,0,"1","200","D",119,"D",.,"A",,"A",,"A",,"A",,"A",,"A",,"A",,"A",,"A",,"A"
"20124",2566083,19,0,"1",,"A",.,"A",1500,"D",,"A",,"A",,"A",,"A",,"A",,"A",,"A",,"A",,"A"
"20124",2568043,22,0,"1",,"A",.,"A",65,"D",,"A",,"A",,"A",,"A",,"A",,"A",,"A",,"A",,"A"
"20124",2570663,25,0,"1",,"A",.,"A",105,"D",,"A",,"A",,"A",,"A",,"A",,"A",,"A",,"A",,"A"
"20124",2571493,15,0,"1","300","D",300,"D",.,"A",,"A",,"A",,"A",,"A",,"A",,"A",,"A",,"A",,"A"
"20124",2572543,17,0,"1",,"A",.,"A",300,"D",,"A",,"A",,"A",,"A",,"A",,"A",,"A",,"A",,"A"
"20124",2573533,49,0,"1","170","D",180,"D",.,"A",,"A",,"A",,"A",,"A",,"A",,"A",,"A",,"A",,"A"
"20124",2575043,23,0,"1",,"A",.,"A",9,"D",,"A",,"A",,"A",,"A",,"A",,"A",,"A",,"A",,"A"
"20124",2575093,24,0,"1","300","D",80,"D",.,"A",,"A",,"A",,"A",,"A",,"A",,"A",,"A",,"A",,"A"
"20124",2575413,19,0,"1",,"A",.,"A",60,"D",,"A",,"A",,"A",,"A",,"A",,"A",,"A",,"A",,"A"
"20124",2577323,22,0,"1","300","D",10,"D",.,"A",,"A",,"A",,"A",,"A",,"A",,"A",,"A",,"A",,"A"
"20124",2577583,25,0,"1","130","D",999,"D",.,"A",,"A",,"A",,"A",,"A",,"A",,"A",,"A",,"A",,"A"
"20124",2577643,20,0,"1","300","D",32,"D",.,"A",,"A",,"A",,"A",,"A",,"A",,"A",,"A",,"A",,"A"
"20124",2578733,18,0,"1",,"A",.,"A",60,"D",,"A",,"A",,"A",,"A",,"A",,"A",,"A",,"A",,"A"
"20124",2579802,17,0,"1",,"A",.,"A",75,"D",,"A",,"A",,"A",,"A",,"A",,"A",,"A",,"A",,"A"
"20124",2580722,35,0,"1","200","D",140,"D",25,"D",,"A",,"A",,"A",,"A",,"A",,"A",,"A",,"A",,"A"
"20124",2580892,16,0,"1","300","D",15,"D",.,"A",,"A",,"A",,"A",,"A",,"A",,"A",,"A",,"A",,"A"
"20124",2581142,14,0,"1","180","D",50,"D",.,"A",,"A",,"A",,"A",,"A",,"A",,"A",,"A",,"A",,"A"
"20124",2581282,19,0,"1","310","D",.,"H",.,"A","310","D","280","D",,"A",,"A",,"A",,"A",,"A",,"A",,"A"
"20124",2581282,19,1,"1","200","D",79,"E",.,"A",,"A",,"A",,"A",,"A",,"A",,"A",,"A",,"A",,"A"
"20124",2581282,19,2,"1","220","D",21,"E",.,"A",,"A",,"A",,"A",,"A",,"A",,"A",,"A",,"A",,"A"
"20124",2581792,16,0,"1","180","D",25,"D",18,"D",,"A",,"A",,"A",,"A",,"A",,"A",,"A",,"A",,"A"
"20124",2582372,21,0,"1","310","D",.,"H",.,"A","170","D","180","D",,"A",,"A",,"A",,"A",,"A",,"A",,"A"
"20124",2582372,21,1,"1","170","D",263,"E",.,"A",,"A",,"A",,"A",,"A",,"A",,"A",,"A",,"A",,"A"
"20124",2582372,21,2,"1","180","D",337,"E",.,"A",,"A",,"A",,"A",,"A",,"A",,"A",,"A",,"A",,"A"
"20124",2582515,20,0,"1","300","D",330,"D",.,"A",,"A",,"A",,"A",,"A",,"A",,"A",,"A",,"A",,"A"
"20124",2584412,18,0,"1",,"A",.,"A",30,"D",,"A",,"A",,"A",,"A",,"A",,"A",,"A",,"A",,"A"
"20124",2586272,19,0,"1","180","D",20,"D",.,"A",,"A",,"A",,"A",,"A",,"A",,"A",,"A",,"A",,"A"
"20124",2586722,13,0,"1","300","D",400,"D",.,"A",,"A",,"A",,"A",,"A",,"A",,"A",,"A",,"A",,"A"
"20124",2587172,29,0,"1","130","D",1315,"D",119,"D",,"A",,"A",,"A",,"A",,"A",,"A",,"A",,"A",,"A"
"20124",2588042,27,0,"1","170","D",50,"D",.,"A",,"A",,"A",,"A",,"A",,"A",,"A",,"A",,"A",,"A"
"20124",2588662,15,0,"1","230","D",629,"D",.,"A",,"A",,"A",,"A",,"A",,"A",,"A",,"A",,"A",,"A"
"20124",2588822,28,0,"1","300","D",30,"D",.,"A",,"A",,"A",,"A",,"A",,"A",,"A",,"A",,"A",,"A"
"20124",2589282,21,0,"1",,"A",.,"A",30,"D",,"A",,"A",,"A",,"A",,"A",,"A",,"A",,"A",,"A"
"20124",2589472,34,0,"1","180","D",100,"D",.,"A",,"A",,"A",,"A",,"A",,"A",,"A",,"A",,"A",,"A"
"20124",2591092,15,0,"1","170","D",70,"D",.,"A",,"A",,"A",,"A",,"A",,"A",,"A",,"A",,"A",,"A"
"20124",2591222,20,0,"1","280","D",30,"F",.,"A",,"A",,"A",,"A",,"A",,"A",,"A",,"A",,"A",,"A"
"20124",2592062,21,0,"1",,"A",.,"A",149,"D",,"A",,"A",,"A",,"A",,"A",,"A",,"A",,"A",,"A"
"20124",2592432,17,0,"1","300","D",560,"F",.,"A",,"A",,"A",,"A",,"A",,"A",,"A",,"A",,"A",,"A"
"20124",2593052,22,0,"1","240","D",450,"D",.,"A",,"A",,"A",,"A",,"A",,"A",,"A",,"A",,"A",,"A"
"20124",2594432,16,0,"1","300","D",400,"D",.,"A",,"A",,"A",,"A",,"A",,"A",,"A",,"A",,"A",,"A"
"20124",2594642,18,0,"1",,"A",.,"A",7,"D",,"A",,"A",,"A",,"A",,"A",,"A",,"A",,"A",,"A"
"20124",2594732,15,0,"1",,"A",.,"A",400,"D",,"A",,"A",,"A",,"A",,"A",,"A",,"A",,"A",,"A"
"20124",2595832,14,0,"1","210","D",3000,"D",.,"A",,"A",,"A",,"A",,"A",,"A",,"A",,"A",,"A",,"A"
"20124",2596242,14,0,"1","130","D",4600,"D",.,"A",,"A",,"A",,"A",,"A",,"A",,"A",,"A",,"A",,"A"
"20124",2596372,14,0,"1",,"A",.,"A",20,"D",,"A",,"A",,"A",,"A",,"A",,"A",,"A",,"A",,"A"
"20124",2596392,14,0,"1","130","D",300,"D",.,"A",,"A",,"A",,"A",,"A",,"A",,"A",,"A",,"A",,"A"
"20124",2596852,21,0,"1",,"A",.,"A",150,"D",,"A",,"A",,"A",,"A",,"A",,"A",,"A",,"A",,"A"
"20124",2597262,14,0,"1",,"A",.,"A",100,"D",,"A",,"A",,"A",,"A",,"A",,"A",,"A",,"A",,"A"
"20124",2597932,18,0,"1","300","D",44,"D",.,"A",,"A",,"A",,"A",,"A",,"A",,"A",,"A",,"A",,"A"
"20124",2599912,20,0,"1","100","D",300,"D",.,"A",,"A",,"A",,"A",,"A",,"A",,"A",,"A",,"A",,"A"
"20124",2600272,15,0,"1","170","D",75,"D",.,"A",,"A",,"A",,"A",,"A",,"A",,"A",,"A",,"A",,"A"
"20124",2601152,18,0,"1","230","D",365,"D",.,"A",,"A",,"A",,"A",,"A",,"A",,"A",,"A",,"A",,"A"
"20124",2605352,23,0,"1",,"A",.,"A",4415,"D",,"A",,"A",,"A",,"A",,"A",,"A",,"A",,"A",,"A"
"20124",2605662,21,0,"1",,"A",.,"A",15,"D",,"A",,"A",,"A",,"A",,"A",,"A",,"A",,"A",,"A"
"20124",2606552,17,0,"1","300","D",650,"D",.,"A",,"A",,"A",,"A",,"A",,"A",,"A",,"A",,"A",,"A"
"20124",2606642,23,0,"1",,"A",.,"A",300,"D",,"A",,"A",,"A",,"A",,"A",,"A",,"A",,"A",,"A"
"20124",2607302,21,0,"1","130","D",200,"D",.,"A",,"A",,"A",,"A",,"A",,"A",,"A",,"A",,"A",,"A"
"20124",2607902,42,0,"1",,"A",.,"A",15,"D",,"A",,"A",,"A",,"A",,"A",,"A",,"A",,"A",,"A"
"20124",2607922,18,0,"1","130","D",100,"D",.,"A",,"A",,"A",,"A",,"A",,"A",,"A",,"A",,"A",,"A"
"20124",2608842,15,0,"1","210","D",80,"D",.,"A",,"A",,"A",,"A",,"A",,"A",,"A",,"A",,"A",,"A"
"20124",2609202,26,0,"1","300","D",165,"D",.,"A",,"A",,"A",,"A",,"A",,"A",,"A",,"A",,"A",,"A"
"20124",2610602,16,0,"1","300","D",80,"D",.,"A",,"A",,"A",,"A",,"A",,"A",,"A",,"A",,"A",,"A"
"20124",2611062,28,0,"1","280","D",500,"D",.,"A",,"A",,"A",,"A",,"A",,"A",,"A",,"A",,"A",,"A"
"20124",2611072,18,0,"1","300","D",250,"D",20,"D",,"A",,"A",,"A",,"A",,"A",,"A",,"A",,"A",,"A"
"20124",2611302,18,0,"1",,"A",.,"A",40,"D",,"A",,"A",,"A",,"A",,"A",,"A",,"A",,"A",,"A"
"20124",2614303,14,0,"1",,"A",.,"A",30,"D",,"A",,"A",,"A",,"A",,"A",,"A",,"A",,"A",,"A"
"20124",2620963,17,0,"1",,"A",.,"A",50,"D",,"A",,"A",,"A",,"A",,"A",,"A",,"A",,"A",,"A"
"20124",2621513,17,0,"1",,"A",.,"A",15,"D",,"A",,"A",,"A",,"A",,"A",,"A",,"A",,"A",,"A"
"20124",2640333,18,0,"1","170","D",67,"D",.,"A",,"A",,"A",,"A",,"A",,"A",,"A",,"A",,"A",,"A"
"20124",2640345,23,0,"1","200","D",400,"D",.,"A",,"A",,"A",,"A",,"A",,"A",,"A",,"A",,"A",,"A"
"20124",2640784,14,0,"1","170","D",400,"D",.,"A",,"A",,"A",,"A",,"A",,"A",,"A",,"A",,"A",,"A"
"20124",2642933,17,0,"1","260","D",400,"D",.,"A",,"A",,"A",,"A",,"A",,"A",,"A",,"A",,"A",,"A"
"20124",2644735,13,0,"1",,"A",.,"A",1000,"D",,"A",,"A",,"A",,"A",,"A",,"A",,"A",,"A",,"A"
"20131",2512525,15,0,"1","130","D",300,"D",.,"A",,"A",,"A",,"A",,"A",,"A",,"A",,"A",,"A",,"A"
"20131",2512795,15,0,"1","210","D",500,"D",.,"A",,"A",,"A",,"A",,"A",,"A",,"A",,"A",,"A",,"A"
"20131",2513015,17,0,"1","300","D",80,"D",.,"A",,"A",,"A",,"A",,"A",,"A",,"A",,"A",,"A",,"A"
"20131",2514835,17,0,"1",,"A",.,"A",200,"D",,"A",,"A",,"A",,"A",,"A",,"A",,"A",,"A",,"A"
"20131",2516835,27,0,"1",,"A",.,"A",50,"D",,"A",,"A",,"A",,"A",,"A",,"A",,"A",,"A",,"A"
"20131",2517575,17,0,"1","300","D",120,"D",.,"A",,"A",,"A",,"A",,"A",,"A",,"A",,"A",,"A",,"A"
"20131",2518315,23,0,"1","170","D",67,"D",.,"A",,"A",,"A",,"A",,"A",,"A",,"A",,"A",,"A",,"A"
"20131",2518545,13,0,"1","300","D",400,"D",.,"A",,"A",,"A",,"A",,"A",,"A",,"A",,"A",,"A",,"A"
"20131",2520215,21,0,"1",,"A",.,"A",200,"D",,"A",,"A",,"A",,"A",,"A",,"A",,"A",,"A",,"A"
"20131",2520245,18,0,"1",,"A",.,"A",200,"D",,"A",,"A",,"A",,"A",,"A",,"A",,"A",,"A",,"A"
"20131",2520345,22,0,"1","300","D",1016,"D",.,"A",,"A",,"A",,"A",,"A",,"A",,"A",,"A",,"A",,"A"
"20131",2521145,18,0,"1","270","D",277,"D",.,"A",,"A",,"A",,"A",,"A",,"A",,"A",,"A",,"A",,"A"
"20131",2523135,21,0,"1","170","D",100,"D",.,"A",,"A",,"A",,"A",,"A",,"A",,"A",,"A",,"A",,"A"
"20131",2523205,19,0,"1",,"A",.,"A",50,"D",,"A",,"A",,"A",,"A",,"A",,"A",,"A",,"A",,"A"
"20131",2523245,25,0,"1","230","D",250,"D",.,"A",,"A",,"A",,"A",,"A",,"A",,"A",,"A",,"A",,"A"
"20131",2523675,24,0,"1","170","D",290,"D",.,"A",,"A",,"A",,"A",,"A",,"A",,"A",,"A",,"A",,"A"
"20131",2525605,20,0,"1",,"A",.,"A",30,"D",,"A",,"A",,"A",,"A",,"A",,"A",,"A",,"A",,"A"
"20131",2526915,17,0,"1",,"A",.,"A",330,"D",,"A",,"A",,"A",,"A",,"A",,"A",,"A",,"A",,"A"
"20131",2527345,18,0,"1",,"A",.,"A",400,"D",,"A",,"A",,"A",,"A",,"A",,"A",,"A",,"A",,"A"
"20131",2528495,22,0,"1","170","D",50,"D",.,"A",,"A",,"A",,"A",,"A",,"A",,"A",,"A",,"A",,"A"
"20131",2528895,17,0,"1","210","D",250,"D",.,"A",,"A",,"A",,"A",,"A",,"A",,"A",,"A",,"A",,"A"
"20131",2530025,25,0,"1",,"A",.,"A",320,"D",,"A",,"A",,"A",,"A",,"A",,"A",,"A",,"A",,"A"
"20131",2530065,15,0,"1","170","D",80,"D",.,"A",,"A",,"A",,"A",,"A",,"A",,"A",,"A",,"A",,"A"
"20131",2530745,20,0,"1","260","D",2000,"D",.,"A",,"A",,"A",,"A",,"A",,"A",,"A",,"A",,"A",,"A"
"20131",2531175,31,0,"1",,"A",.,"A",52,"D",,"A",,"A",,"A",,"A",,"A",,"A",,"A",,"A",,"A"
"20131",2531355,17,0,"1",,"A",.,"A",5,"D",,"A",,"A",,"A",,"A",,"A",,"A",,"A",,"A",,"A"
"20131",2531555,18,0,"1","180","D",120,"D",.,"A",,"A",,"A",,"A",,"A",,"A",,"A",,"A",,"A",,"A"
"20131",2532495,18,0,"1","140","D",150,"D",.,"A",,"A",,"A",,"A",,"A",,"A",,"A",,"A",,"A",,"A"
"20131",2533115,14,0,"1","130","D",100,"D",.,"A",,"A",,"A",,"A",,"A",,"A",,"A",,"A",,"A",,"A"
"20131",2533455,18,0,"1","170","D",300,"D",.,"A",,"A",,"A",,"A",,"A",,"A",,"A",,"A",,"A",,"A"
"20131",2533865,15,0,"1",,"A",.,"A",50,"D",,"A",,"A",,"A",,"A",,"A",,"A",,"A",,"A",,"A"
"20131",2535105,13,0,"1","300","D",25,"D",.,"A",,"A",,"A",,"A",,"A",,"A",,"A",,"A",,"A",,"A"
"20131",2535625,17,0,"1","200","D",30,"D",.,"A",,"A",,"A",,"A",,"A",,"A",,"A",,"A",,"A",,"A"
"20131",2535945,32,0,"1","200","D",16,"D",.,"A",,"A",,"A",,"A",,"A",,"A",,"A",,"A",,"A",,"A"
"20131",2536455,16,0,"1","170","D",20,"D",.,"A",,"A",,"A",,"A",,"A",,"A",,"A",,"A",,"A",,"A"
"20131",2536705,44,0,"1",,"A",.,"A",22,"D",,"A",,"A",,"A",,"A",,"A",,"A",,"A",,"A",,"A"
"20131",2539665,17,0,"1",,"A",.,"A",56,"D",,"A",,"A",,"A",,"A",,"A",,"A",,"A",,"A",,"A"
"20131",2540545,15,0,"1","170","D",50,"D",.,"A",,"A",,"A",,"A",,"A",,"A",,"A",,"A",,"A",,"A"
"20131",2540905,15,0,"1",,"A",.,"A",50,"D",,"A",,"A",,"A",,"A",,"A",,"A",,"A",,"A",,"A"
"20131",2541005,17,0,"1","300","D",52,"D",.,"A",,"A",,"A",,"A",,"A",,"A",,"A",,"A",,"A",,"A"
"20131",2545474,24,0,"1","190","D",105,"D",.,"A",,"A",,"A",,"A",,"A",,"A",,"A",,"A",,"A",,"A"
"20131",2546734,27,0,"1","170","D",55,"D",.,"A",,"A",,"A",,"A",,"A",,"A",,"A",,"A",,"A",,"A"
"20131",2546874,19,0,"1","260","D",40,"D",.,"A",,"A",,"A",,"A",,"A",,"A",,"A",,"A",,"A",,"A"
"20131",2547484,17,0,"1",,"A",.,"A",300,"D",,"A",,"A",,"A",,"A",,"A",,"A",,"A",,"A",,"A"
"20131",2547514,19,0,"1","140","D",20,"D",.,"A",,"A",,"A",,"A",,"A",,"A",,"A",,"A",,"A",,"A"
"20131",2547984,15,0,"1",,"A",.,"A",100,"D",,"A",,"A",,"A",,"A",,"A",,"A",,"A",,"A",,"A"
"20131",2548034,30,0,"1",,"A",.,"A",14,"D",,"A",,"A",,"A",,"A",,"A",,"A",,"A",,"A",,"A"
"20131",2548244,20,0,"1","300","D",6,"D",.,"A",,"A",,"A",,"A",,"A",,"A",,"A",,"A",,"A",,"A"
"20131",2548564,19,0,"1","160","D",25,"D",.,"A",,"A",,"A",,"A",,"A",,"A",,"A",,"A",,"A",,"A"
"20131",2548924,13,0,"1","300","D",108,"D",.,"A",,"A",,"A",,"A",,"A",,"A",,"A",,"A",,"A",,"A"
"20131",2549654,14,0,"1","300","D",109,"D",.,"A",,"A",,"A",,"A",,"A",,"A",,"A",,"A",,"A",,"A"
"20131",2550404,43,0,"1",,"A",.,"A",998,"D",,"A",,"A",,"A",,"A",,"A",,"A",,"A",,"A",,"A"
"20131",2550584,24,0,"1","170","D",25,"D",.,"A",,"A",,"A",,"A",,"A",,"A",,"A",,"A",,"A",,"A"
"20131",2551894,19,0,"1","260","D",17,"D",.,"A",,"A",,"A",,"A",,"A",,"A",,"A",,"A",,"A",,"A"
"20131",2552694,35,0,"1",,"A",.,"A",100,"F",,"A",,"A",,"A",,"A",,"A",,"A",,"A",,"A",,"A"
"20131",2554504,32,0,"1",,"A",.,"A",554,"D",,"A",,"A",,"A",,"A",,"A",,"A",,"A",,"A",,"A"
"20131",2554744,40,0,"1","300","D",38,"D",.,"A",,"A",,"A",,"A",,"A",,"A",,"A",,"A",,"A",,"A"
"20131",2556764,25,0,"1","190","D",80,"D",.,"A",,"A",,"A",,"A",,"A",,"A",,"A",,"A",,"A",,"A"
"20131",2557684,18,0,"1",,"A",.,"A",350,"D",,"A",,"A",,"A",,"A",,"A",,"A",,"A",,"A",,"A"
"20131",2557734,18,0,"1",,"A",.,"A",900,"D",,"A",,"A",,"A",,"A",,"A",,"A",,"A",,"A",,"A"
"20131",2559084,30,0,"1","210","D",97,"D",.,"A",,"A",,"A",,"A",,"A",,"A",,"A",,"A",,"A",,"A"
"20131",2560244,25,0,"1","120","D",200,"D",.,"A",,"A",,"A",,"A",,"A",,"A",,"A",,"A",,"A",,"A"
"20131",2561054,31,0,"1","300","D",20,"D",.,"A",,"A",,"A",,"A",,"A",,"A",,"A",,"A",,"A",,"A"
"20131",2561114,20,0,"1",,"A",.,"A",325,"D",,"A",,"A",,"A",,"A",,"A",,"A",,"A",,"A",,"A"
"20131",2561124,25,0,"1",,"A",.,"A",200,"D",,"A",,"A",,"A",,"A",,"A",,"A",,"A",,"A",,"A"
"20131",2561434,25,0,"1","300","D",5,"D",30,"D",,"A",,"A",,"A",,"A",,"A",,"A",,"A",,"A",,"A"
"20131",2561834,23,0,"1",,"A",.,"A",28,"D",,"A",,"A",,"A",,"A",,"A",,"A",,"A",,"A",,"A"
"20131",2563094,28,0,"1","200","D",598,"D",.,"A",,"A",,"A",,"A",,"A",,"A",,"A",,"A",,"A",,"A"
"20131",2563444,15,0,"1","130","D",500,"D",.,"A",,"A",,"A",,"A",,"A",,"A",,"A",,"A",,"A",,"A"
"20131",2564114,47,0,"1",,"A",.,"A",65,"D",,"A",,"A",,"A",,"A",,"A",,"A",,"A",,"A",,"A"
"20131",2564514,21,0,"1","170","D",50,"D",.,"A",,"A",,"A",,"A",,"A",,"A",,"A",,"A",,"A",,"A"
"20131",2565514,18,0,"1",,"A",.,"A",30,"D",,"A",,"A",,"A",,"A",,"A",,"A",,"A",,"A",,"A"
"20131",2567084,28,0,"1","300","D",18,"D",.,"A",,"A",,"A",,"A",,"A",,"A",,"A",,"A",,"A",,"A"
"20131",2567134,14,0,"1","130","D",175,"D",.,"A",,"A",,"A",,"A",,"A",,"A",,"A",,"A",,"A",,"A"
"20131",2568694,26,0,"1","300","D",570,"D",.,"A",,"A",,"A",,"A",,"A",,"A",,"A",,"A",,"A",,"A"
"20131",2569184,28,0,"1","300","D",110,"D",.,"A",,"A",,"A",,"A",,"A",,"A",,"A",,"A",,"A",,"A"
"20131",2571814,20,0,"1","300","D",80,"D",.,"A",,"A",,"A",,"A",,"A",,"A",,"A",,"A",,"A",,"A"
"20131",2572204,21,0,"1","170","D",47,"D",.,"A",,"A",,"A",,"A",,"A",,"A",,"A",,"A",,"A",,"A"
"20131",2572284,21,0,"1","170","D",90,"D",.,"A",,"A",,"A",,"A",,"A",,"A",,"A",,"A",,"A",,"A"
"20131",2572544,20,0,"1",,"A",.,"A",150,"D",,"A",,"A",,"A",,"A",,"A",,"A",,"A",,"A",,"A"
"20131",2573534,52,0,"1",,"A",.,"A",200,"D",,"A",,"A",,"A",,"A",,"A",,"A",,"A",,"A",,"A"
"20131",2574825,22,0,"1","300","D",330,"D",.,"A",,"A",,"A",,"A",,"A",,"A",,"A",,"A",,"A",,"A"
"20131",2575174,18,0,"1","150","D",200,"D",.,"A",,"A",,"A",,"A",,"A",,"A",,"A",,"A",,"A",,"A"
"20131",2575414,15,0,"1",,"A",.,"A",45,"D",,"A",,"A",,"A",,"A",,"A",,"A",,"A",,"A",,"A"
"20131",2577094,18,0,"1","150","D",700,"D",.,"A",,"A",,"A",,"A",,"A",,"A",,"A",,"A",,"A",,"A"
"20131",2577654,22,0,"1",,"A",.,"A",100,"D",,"A",,"A",,"A",,"A",,"A",,"A",,"A",,"A",,"A"
"20131",2577724,18,0,"1","130","D",100,"D",.,"A",,"A",,"A",,"A",,"A",,"A",,"A",,"A",,"A",,"A"
"20131",2578734,17,0,"1",,"A",.,"A",28,"D",,"A",,"A",,"A",,"A",,"A",,"A",,"A",,"A",,"A"
"20131",2578764,22,0,"1","210","D",14,"D",.,"A",,"A",,"A",,"A",,"A",,"A",,"A",,"A",,"A",,"A"
"20131",2579253,27,0,"1",,"A",.,"A",20,"D",,"A",,"A",,"A",,"A",,"A",,"A",,"A",,"A",,"A"
"20131",2580723,27,0,"1","230","D",48,"D",.,"A",,"A",,"A",,"A",,"A",,"A",,"A",,"A",,"A",,"A"
"20131",2581143,19,0,"1","180","D",35,"D",.,"A",,"A",,"A",,"A",,"A",,"A",,"A",,"A",,"A",,"A"
"20131",2581793,17,0,"1",,"A",.,"A",25,"D",,"A",,"A",,"A",,"A",,"A",,"A",,"A",,"A",,"A"
"20131",2582563,29,0,"1",,"A",.,"A",22,"D",,"A",,"A",,"A",,"A",,"A",,"A",,"A",,"A",,"A"
"20131",2583583,19,0,"1","300","D",60,"D",.,"A",,"A",,"A",,"A",,"A",,"A",,"A",,"A",,"A",,"A"
"20131",2584823,19,0,"1","170","D",45,"D",.,"A",,"A",,"A",,"A",,"A",,"A",,"A",,"A",,"A",,"A"
"20131",2585543,5,0,"1",,"A",.,"A",180,"D",,"A",,"A",,"A",,"A",,"A",,"A",,"A",,"A",,"A"
"20131",2586513,16,0,"1",,"A",.,"A",2000,"D",,"A",,"A",,"A",,"A",,"A",,"A",,"A",,"A",,"A"
"20131",2587113,17,0,"1",,"A",.,"A",100,"D",,"A",,"A",,"A",,"A",,"A",,"A",,"A",,"A",,"A"
"20131",2588333,27,0,"1","170","D",50,"D",.,"A",,"A",,"A",,"A",,"A",,"A",,"A",,"A",,"A",,"A"
"20131",2591723,21,0,"1",,"A",.,"A",60,"D",,"A",,"A",,"A",,"A",,"A",,"A",,"A",,"A",,"A"
"20131",2592503,21,0,"1","260","D",3000,"D",.,"A",,"A",,"A",,"A",,"A",,"A",,"A",,"A",,"A",,"A"
"20131",2594563,14,0,"1","290","D",30,"D",.,"A",,"A",,"A",,"A",,"A",,"A",,"A",,"A",,"A",,"A"
"20131",2594733,15,0,"1",,"A",.,"A",100,"D",,"A",,"A",,"A",,"A",,"A",,"A",,"A",,"A",,"A"
"20131",2594743,16,0,"1","180","D",6,"D",.,"A",,"A",,"A",,"A",,"A",,"A",,"A",,"A",,"A",,"A"
"20131",2596703,18,0,"1","230","D",240,"D",.,"A",,"A",,"A",,"A",,"A",,"A",,"A",,"A",,"A",,"A"
"20131",2596773,17,0,"1","230","D",150,"D",.,"A",,"A",,"A",,"A",,"A",,"A",,"A",,"A",,"A",,"A"
"20131",2596913,24,0,"1",,"A",.,"A",50,"D",,"A",,"A",,"A",,"A",,"A",,"A",,"A",,"A",,"A"
"20131",2599093,15,0,"1","310","D",.,"H",.,"A","300","D","140","D",,"A",,"A",,"A",,"A",,"A",,"A",,"A"
"20131",2599093,15,2,"1","140","D",88,"E",.,"A",,"A",,"A",,"A",,"A",,"A",,"A",,"A",,"A",,"A"
"20131",2599093,15,1,"1","300","D",273,"E",.,"A",,"A",,"A",,"A",,"A",,"A",,"A",,"A",,"A",,"A"
"20131",2599913,20,0,"1","100","D",600,"D",.,"A",,"A",,"A",,"A",,"A",,"A",,"A",,"A",,"A",,"A"
"20131",2601163,21,0,"1",,"A",.,"A",50,"D",,"A",,"A",,"A",,"A",,"A",,"A",,"A",,"A",,"A"
"20131",2602813,16,0,"1","300","D",180,"D",.,"A",,"A",,"A",,"A",,"A",,"A",,"A",,"A",,"A",,"A"
"20131",2605113,24,0,"1","130","D",100,"D",.,"A",,"A",,"A",,"A",,"A",,"A",,"A",,"A",,"A",,"A"
"20131",2607903,23,0,"1","280","D",2200,"D",.,"A",,"A",,"A",,"A",,"A",,"A",,"A",,"A",,"A",,"A"
"20131",2608843,15,0,"1","300","D",65,"D",.,"A",,"A",,"A",,"A",,"A",,"A",,"A",,"A",,"A",,"A"
"20131",2609683,20,0,"1","260","D",100,"D",.,"A",,"A",,"A",,"A",,"A",,"A",,"A",,"A",,"A",,"A"
"20131",2611063,35,0,"1","300","D",420,"D",.,"A",,"A",,"A",,"A",,"A",,"A",,"A",,"A",,"A",,"A"
"20131",2611473,24,0,"1","300","D",8,"D",.,"A",,"A",,"A",,"A",,"A",,"A",,"A",,"A",,"A",,"A"
"20131",2612373,24,0,"1","210","D",100,"D",100,"D",,"A",,"A",,"A",,"A",,"A",,"A",,"A",,"A",,"A"
"20131",2613242,19,0,"1","300","D",100,"D",.,"A",,"A",,"A",,"A",,"A",,"A",,"A",,"A",,"A",,"A"
"20131",2614304,17,0,"1",,"A",.,"A",30,"D",,"A",,"A",,"A",,"A",,"A",,"A",,"A",,"A",,"A"
"20131",2614682,40,0,"1",,"A",.,"A",150,"D",,"A",,"A",,"A",,"A",,"A",,"A",,"A",,"A",,"A"
"20131",2617142,22,0,"1",,"A",.,"A",50,"D",,"A",,"A",,"A",,"A",,"A",,"A",,"A",,"A",,"A"
"20131",2618992,23,0,"1","230","D",140,"D",.,"A",,"A",,"A",,"A",,"A",,"A",,"A",,"A",,"A",,"A"
"20131",2619412,17,0,"1",,"A",.,"A",30,"D",,"A",,"A",,"A",,"A",,"A",,"A",,"A",,"A",,"A"
"20131",2619422,18,2,"1","140","D",129,"E",.,"A",,"A",,"A",,"A",,"A",,"A",,"A",,"A",,"A",,"A"
"20131",2619422,18,1,"1","170","D",21,"E",.,"A",,"A",,"A",,"A",,"A",,"A",,"A",,"A",,"A",,"A"
"20131",2619422,18,0,"1","310","D",.,"H",.,"A","170","D","140","D",,"A",,"A",,"A",,"A",,"A",,"A",,"A"
"20131",2619704,19,0,"1",,"A",.,"A",100,"D",,"A",,"A",,"A",,"A",,"A",,"A",,"A",,"A",,"A"
"20131",2620772,33,0,"1","300","D",160,"D",.,"A",,"A",,"A",,"A",,"A",,"A",,"A",,"A",,"A",,"A"
"20131",2620932,24,0,"1","140","D",500,"D",.,"A",,"A",,"A",,"A",,"A",,"A",,"A",,"A",,"A",,"A"
"20131",2620964,20,0,"1",,"A",.,"A",75,"D",,"A",,"A",,"A",,"A",,"A",,"A",,"A",,"A",,"A"
"20131",2621514,21,0,"1",,"A",.,"A",60,"D",,"A",,"A",,"A",,"A",,"A",,"A",,"A",,"A",,"A"
"20131",2621812,14,0,"1","230","D",850,"D",.,"A",,"A",,"A",,"A",,"A",,"A",,"A",,"A",,"A",,"A"
"20131",2622242,32,0,"1","300","D",125,"D",.,"A",,"A",,"A",,"A",,"A",,"A",,"A",,"A",,"A",,"A"
"20131",2622402,22,0,"1",,"A",.,"A",300,"D",,"A",,"A",,"A",,"A",,"A",,"A",,"A",,"A",,"A"
"20131",2622842,17,0,"1","140","D",25,"D",.,"A",,"A",,"A",,"A",,"A",,"A",,"A",,"A",,"A",,"A"
"20131",2623052,24,0,"1","300","D",6,"D",.,"A",,"A",,"A",,"A",,"A",,"A",,"A",,"A",,"A",,"A"
"20131",2626092,18,0,"1",,"A",.,"A",10,"D",,"A",,"A",,"A",,"A",,"A",,"A",,"A",,"A",,"A"
"20131",2627382,15,0,"1","300","D",300,"D",.,"A",,"A",,"A",,"A",,"A",,"A",,"A",,"A",,"A",,"A"
"20131",2627492,13,0,"1","210","D",20,"D",.,"A",,"A",,"A",,"A",,"A",,"A",,"A",,"A",,"A",,"A"
"20131",2627692,15,0,"1","300","D",20,"D",.,"A",,"A",,"A",,"A",,"A",,"A",,"A",,"A",,"A",,"A"
"20131",2628332,15,0,"1",,"A",.,"A",300,"D",,"A",,"A",,"A",,"A",,"A",,"A",,"A",,"A",,"A"
"20131",2628472,21,0,"1","230","D",50,"D",.,"A",,"A",,"A",,"A",,"A",,"A",,"A",,"A",,"A",,"A"
"20131",2628522,24,0,"1","200","D",80,"D",.,"A",,"A",,"A",,"A",,"A",,"A",,"A",,"A",,"A",,"A"
"20131",2628662,19,0,"1","130","D",300,"D",.,"A",,"A",,"A",,"A",,"A",,"A",,"A",,"A",,"A",,"A"
"20131",2629232,15,0,"1","300","D",2100,"D",.,"A",,"A",,"A",,"A",,"A",,"A",,"A",,"A",,"A",,"A"
"20131",2629672,27,0,"1",,"A",.,"A",500,"D",,"A",,"A",,"A",,"A",,"A",,"A",,"A",,"A",,"A"
"20131",2630322,15,0,"1","130","D",3700,"D",.,"A",,"A",,"A",,"A",,"A",,"A",,"A",,"A",,"A",,"A"
"20131",2630522,38,0,"1",,"A",.,"A",85,"D",,"A",,"A",,"A",,"A",,"A",,"A",,"A",,"A",,"A"
"20131",2630692,17,0,"1","230","D",365,"D",.,"A",,"A",,"A",,"A",,"A",,"A",,"A",,"A",,"A",,"A"
"20131",2632482,20,0,"1","170","D",90,"D",.,"A",,"A",,"A",,"A",,"A",,"A",,"A",,"A",,"A",,"A"
"20131",2632492,41,0,"1",,"A",.,"A",38,"D",,"A",,"A",,"A",,"A",,"A",,"A",,"A",,"A",,"A"
"20131",2632692,36,0,"1",,"A",.,"A",50,"D",,"A",,"A",,"A",,"A",,"A",,"A",,"A",,"A",,"A"
"20131",2633262,53,0,"1",,"A",.,"A",50,"D",,"A",,"A",,"A",,"A",,"A",,"A",,"A",,"A",,"A"
"20131",2633562,13,0,"1","130","D",300,"D",.,"A",,"A",,"A",,"A",,"A",,"A",,"A",,"A",,"A",,"A"
"20131",2633912,18,0,"1","100","D",75,"D",.,"A",,"A",,"A",,"A",,"A",,"A",,"A",,"A",,"A",,"A"
"20131",2634952,22,0,"1","170","D",40,"D",.,"A",,"A",,"A",,"A",,"A",,"A",,"A",,"A",,"A",,"A"
"20131",2635452,20,0,"1",,"A",.,"A",1000,"D",,"A",,"A",,"A",,"A",,"A",,"A",,"A",,"A",,"A"
"20131",2636132,28,0,"1","200","D",100,"D",.,"A",,"A",,"A",,"A",,"A",,"A",,"A",,"A",,"A",,"A"
"20131",2639192,30,0,"1",,"A",.,"A",3,"D",,"A",,"A",,"A",,"A",,"A",,"A",,"A",,"A",,"A"
"20131",2640902,29,0,"1","300","D",62,"D",.,"A",,"A",,"A",,"A",,"A",,"A",,"A",,"A",,"A",,"A"
"20131",2640952,20,0,"1","140","D",1100,"D",.,"A",,"A",,"A",,"A",,"A",,"A",,"A",,"A",,"A",,"A"
"20131",2641192,34,0,"1","300","D",45,"D",.,"A",,"A",,"A",,"A",,"A",,"A",,"A",,"A",,"A",,"A"
"20131",2643262,18,0,"1",,"A",.,"A",300,"D",,"A",,"A",,"A",,"A",,"A",,"A",,"A",,"A",,"A"
"20131",2643692,18,0,"1","230","D",350,"D",.,"A",,"A",,"A",,"A",,"A",,"A",,"A",,"A",,"A",,"A"
"20131",2643732,22,0,"1","240","D",100,"D",200,"D",,"A",,"A",,"A",,"A",,"A",,"A",,"A",,"A",,"A"
"20131",2645072,13,0,"1","130","D",6,"D",.,"A",,"A",,"A",,"A",,"A",,"A",,"A",,"A",,"A",,"A"
"20131",2645682,25,0,"1","200","D",55,"D",.,"A",,"A",,"A",,"A",,"A",,"A",,"A",,"A",,"A",,"A"
"20131",2645722,27,0,"1","140","D",71,"D",.,"A",,"A",,"A",,"A",,"A",,"A",,"A",,"A",,"A",,"A"
"20131",2646492,15,0,"1","170","D",70,"D",.,"A",,"A",,"A",,"A",,"A",,"A",,"A",,"A",,"A",,"A"
"20131",2646592,37,0,"1","170","D",130,"D",.,"A",,"A",,"A",,"A",,"A",,"A",,"A",,"A",,"A",,"A"
"20131",2646602,25,0,"1",,"A",.,"A",130,"D",,"A",,"A",,"A",,"A",,"A",,"A",,"A",,"A",,"A"
"20131",2650744,15,0,"1","230","D",2000,"D",.,"A",,"A",,"A",,"A",,"A",,"A",,"A",,"A",,"A",,"A"
"20131",2673423,13,0,"1","170","D",400,"D",.,"A",,"A",,"A",,"A",,"A",,"A",,"A",,"A",,"A",,"A"
"20131",2673435,14,0,"1","130","D",800,"D",.,"A",,"A",,"A",,"A",,"A",,"A",,"A",,"A",,"A",,"A"
"20131",2679563,22,0,"1","210","D",900,"D",200,"D",,"A",,"A",,"A",,"A",,"A",,"A",,"A",,"A",,"A"
