"QYEAR","NEWID","SEQNO","ALCNO","REC_ORIG","SEWINGY","SEWINGY_","SEWGFTC","SEWGFTC_","SEWINGMO","SEWI_GMO","SEWINGX","SEWINGX_","SEWING1","SEWING1_","SEWING2","SEWING2_","SEWING3","SEWING3_","SEWING4","SEWING4_","SEWING5","SEWING5_","SEWING6","SEWING6_","SEWING7","SEWING7_","SEWING8","SEWING8_","SEWING9","SEWING9_"
"20111",2228455,16,0,"1","430","D","1","D","10","D",300,"D",,"A",,"A",,"A",,"A",,"A",,"A",,"A",,"A",,"A"
"20111",2229414,24,0,"1","420","D","1","D","11","D",2,"D",,"A",,"A",,"A",,"A",,"A",,"A",,"A",,"A",,"A"
"20111",2229505,18,0,"1","400","D","1","D","11","D",50,"D",,"A",,"A",,"A",,"A",,"A",,"A",,"A",,"A",,"A"
"20111",2229634,21,0,"1","420","D","1","D","12","D",11,"D",,"A",,"A",,"A",,"A",,"A",,"A",,"A",,"A",,"A"
"20111",2230675,18,0,"1","420","D","1","D","11","D",128,"D",,"A",,"A",,"A",,"A",,"A",,"A",,"A",,"A",,"A"
"20111",2230924,24,0,"1","430","D","2","D","12","D",12,"D",,"A",,"A",,"A",,"A",,"A",,"A",,"A",,"A",,"A"
"20111",2231104,21,0,"1","430","D","1","D","11","D",18,"D",,"A",,"A",,"A",,"A",,"A",,"A",,"A",,"A",,"A"
"20111",2231124,20,0,"1","420","D","1","D","12","D",35,"D",,"A",,"A",,"A",,"A",,"A",,"A",,"A",,"A",,"A"
"20111",2231124,21,0,"2","410","D","1","D","10","D",3,"D",,"A",,"A",,"A",,"A",,"A",,"A",,"A",,"A",,"A"
"20111",2231255,15,0,"2","420","D","1","D","10","D",1,"D",,"A",,"A",,"A",,"A",,"A",,"A",,"A",,"A",,"A"
"20111",2231565,25,0,"1","420","D","1","D","12","D",49,"D",,"A",,"A",,"A",,"A",,"A",,"A",,"A",,"A",,"A"
"20111",2231614,18,0,"1","400","D","1","D","10","D",13,"D",,"A",,"A",,"A",,"A",,"A",,"A",,"A",,"A",,"A"
"20111",2231614,19,0,"1","430","D","1","D","12","D",108,"D",,"A",,"A",,"A",,"A",,"A",,"A",,"A",,"A",,"A"
"20111",2231745,17,0,"2","410","D","1","D","10","D",26,"D",,"A",,"A",,"A",,"A",,"A",,"A",,"A",,"A",,"A"
"20111",2232625,15,0,"1","400","D","1","D","12","D",40,"D",,"A",,"A",,"A",,"A",,"A",,"A",,"A",,"A",,"A"
"20111",2232774,21,0,"1","410","D","1","D","11","D",5,"D",,"A",,"A",,"A",,"A",,"A",,"A",,"A",,"A",,"A"
"20111",2232774,22,0,"1","430","D","1","D","11","D",7,"D",,"A",,"A",,"A",,"A",,"A",,"A",,"A",,"A",,"A"
"20111",2233035,27,0,"1","430","D","1","D","12","D",40,"D",,"A",,"A",,"A",,"A",,"A",,"A",,"A",,"A",,"A"
"20111",2233035,28,0,"1","420","D","1","D","12","D",20,"D",,"A",,"A",,"A",,"A",,"A",,"A",,"A",,"A",,"A"
"20111",2233225,13,0,"1","400","D","2","D","10","D",10,"D",,"A",,"A",,"A",,"A",,"A",,"A",,"A",,"A",,"A"
"20111",2233755,19,0,"1","440","D","1","D","11","D",.,"H","420","D","400","D",,"A",,"A",,"A",,"A",,"A",,"A",,"A"
"20111",2233755,19,1,"1","420","D","1","D","11","D",29,"E",,"A",,"A",,"A",,"A",,"A",,"A",,"A",,"A",,"A"
"20111",2233755,19,2,"1","400","D","1","D","11","D",110,"E",,"A",,"A",,"A",,"A",,"A",,"A",,"A",,"A",,"A"
"20111",2234244,21,0,"1","430","D","1","D","11","D",66,"D",,"A",,"A",,"A",,"A",,"A",,"A",,"A",,"A",,"A"
"20111",2234244,22,0,"2","400","D","1","D","10","D",33,"D",,"A",,"A",,"A",,"A",,"A",,"A",,"A",,"A",,"A"
"20111",2234824,23,0,"1","420","D","1","D","11","D",18,"D",,"A",,"A",,"A",,"A",,"A",,"A",,"A",,"A",,"A"
"20111",2234994,20,0,"1","410","D","1","D","11","D",31,"D",,"A",,"A",,"A",,"A",,"A",,"A",,"A",,"A",,"A"
"20111",2234994,21,0,"1","410","D","2","D","11","D",31,"D",,"A",,"A",,"A",,"A",,"A",,"A",,"A",,"A",,"A"
"20111",2234994,22,0,"1","420","D","2","D","11","D",9,"D",,"A",,"A",,"A",,"A",,"A",,"A",,"A",,"A",,"A"
"20111",2234994,23,0,"1","420","D","1","D","11","D",17,"D",,"A",,"A",,"A",,"A",,"A",,"A",,"A",,"A",,"A"
"20111",2234994,24,0,"1","400","D","1","D","11","D",71,"D",,"A",,"A",,"A",,"A",,"A",,"A",,"A",,"A",,"A"
"20111",2234994,25,0,"1","420","D","1","D","11","D",10,"D",,"A",,"A",,"A",,"A",,"A",,"A",,"A",,"A",,"A"
"20111",2235454,32,0,"1","400","D","1","D","12","D",50,"D",,"A",,"A",,"A",,"A",,"A",,"A",,"A",,"A",,"A"
"20111",2235484,25,0,"1","430","D","2","D","12","D",300,"D",,"A",,"A",,"A",,"A",,"A",,"A",,"A",,"A",,"A"
"20111",2236194,33,0,"1","400","D","1","D","12","D",4,"D",,"A",,"A",,"A",,"A",,"A",,"A",,"A",,"A",,"A"
"20111",2236545,34,0,"1","430","D","1","D","12","D",6,"D",,"A",,"A",,"A",,"A",,"A",,"A",,"A",,"A",,"A"
"20111",2236995,33,0,"1","410","D","1","D","10","D",2,"D",,"A",,"A",,"A",,"A",,"A",,"A",,"A",,"A",,"A"
"20111",2237274,13,0,"1","430","D","1","D","12","D",3,"D",,"A",,"A",,"A",,"A",,"A",,"A",,"A",,"A",,"A"
"20111",2237694,17,0,"1","400","D","1","D","12","D",56,"D",,"A",,"A",,"A",,"A",,"A",,"A",,"A",,"A",,"A"
"20111",2238265,17,0,"1","400","D","1","D","12","D",35,"D",,"A",,"A",,"A",,"A",,"A",,"A",,"A",,"A",,"A"
"20111",2239414,24,0,"1","400","D","1","D","12","D",48,"D",,"A",,"A",,"A",,"A",,"A",,"A",,"A",,"A",,"A"
"20111",2239414,25,0,"1","400","D","1","D","11","D",40,"D",,"A",,"A",,"A",,"A",,"A",,"A",,"A",,"A",,"A"
"20111",2239414,26,0,"1","400","D","1","D","12","D",43,"D",,"A",,"A",,"A",,"A",,"A",,"A",,"A",,"A",,"A"
"20111",2239484,17,0,"1","420","D","1","D","11","D",5,"D",,"A",,"A",,"A",,"A",,"A",,"A",,"A",,"A",,"A"
"20111",2239555,37,0,"1","410","D","1","D","12","D",27,"D",,"A",,"A",,"A",,"A",,"A",,"A",,"A",,"A",,"A"
"20111",2239714,26,0,"1","420","D","1","D","10","D",5,"D",,"A",,"A",,"A",,"A",,"A",,"A",,"A",,"A",,"A"
"20111",2239935,19,0,"1","400","D","2","D","11","D",300,"D",,"A",,"A",,"A",,"A",,"A",,"A",,"A",,"A",,"A"
"20111",2241024,22,0,"1","400","D","1","D","10","D",19,"D",,"A",,"A",,"A",,"A",,"A",,"A",,"A",,"A",,"A"
"20111",2241024,23,0,"1","420","D","1","D","10","D",6,"D",,"A",,"A",,"A",,"A",,"A",,"A",,"A",,"A",,"A"
"20111",2241185,15,0,"2","400","D","1","D","10","D",2,"D",,"A",,"A",,"A",,"A",,"A",,"A",,"A",,"A",,"A"
"20111",2242345,28,0,"1","400","D","1","D","11","D",106,"D",,"A",,"A",,"A",,"A",,"A",,"A",,"A",,"A",,"A"
"20111",2242345,29,0,"1","420","D","1","D","11","D",21,"D",,"A",,"A",,"A",,"A",,"A",,"A",,"A",,"A",,"A"
"20111",2242514,18,0,"1","400","D","1","D","11","D",20,"D",,"A",,"A",,"A",,"A",,"A",,"A",,"A",,"A",,"A"
"20111",2242595,14,0,"1","410","D","1","D","11","D",103,"D",,"A",,"A",,"A",,"A",,"A",,"A",,"A",,"A",,"A"
"20111",2243045,18,0,"1","400","D","1","D","12","D",15,"D",,"A",,"A",,"A",,"A",,"A",,"A",,"A",,"A",,"A"
"20111",2243195,14,0,"1","400","D","1","D","11","D",27,"D",,"A",,"A",,"A",,"A",,"A",,"A",,"A",,"A",,"A"
"20111",2243295,27,0,"1","420","D","1","D","12","D",8,"D",,"A",,"A",,"A",,"A",,"A",,"A",,"A",,"A",,"A"
"20111",2243295,28,0,"2","410","D","1","D","10","D",40,"D",,"A",,"A",,"A",,"A",,"A",,"A",,"A",,"A",,"A"
"20111",2243554,16,0,"1","410","D","1","D","10","D",15,"D",,"A",,"A",,"A",,"A",,"A",,"A",,"A",,"A",,"A"
"20111",2243644,35,0,"1","420","D","1","D","11","D",7,"D",,"A",,"A",,"A",,"A",,"A",,"A",,"A",,"A",,"A"
"20111",2243845,26,0,"1","410","D","1","D","11","D",15,"D",,"A",,"A",,"A",,"A",,"A",,"A",,"A",,"A",,"A"
"20111",2243845,27,0,"1","420","D","1","D","12","D",91,"D",,"A",,"A",,"A",,"A",,"A",,"A",,"A",,"A",,"A"
"20111",2243875,23,0,"1","400","D","1","D","12","D",60,"D",,"A",,"A",,"A",,"A",,"A",,"A",,"A",,"A",,"A"
"20111",2243875,24,0,"1","400","D","1","D","12","D",40,"D",,"A",,"A",,"A",,"A",,"A",,"A",,"A",,"A",,"A"
"20111",2244605,18,0,"1","400","D","1","D","12","D",48,"D",,"A",,"A",,"A",,"A",,"A",,"A",,"A",,"A",,"A"
"20111",2244925,14,0,"1","420","D","1","D","12","D",15,"D",,"A",,"A",,"A",,"A",,"A",,"A",,"A",,"A",,"A"
"20111",2245354,21,0,"1","410","D","2","D","12","D",35,"D",,"A",,"A",,"A",,"A",,"A",,"A",,"A",,"A",,"A"
"20111",2245505,16,0,"1","410","D","1","D","12","D",20,"D",,"A",,"A",,"A",,"A",,"A",,"A",,"A",,"A",,"A"
"20111",2245515,14,0,"1","430","D","1","D","12","D",3,"D",,"A",,"A",,"A",,"A",,"A",,"A",,"A",,"A",,"A"
"20111",2245944,20,0,"1","400","D","1","D","12","D",4,"D",,"A",,"A",,"A",,"A",,"A",,"A",,"A",,"A",,"A"
"20111",2246044,15,0,"1","430","D","1","D","10","D",2,"D",,"A",,"A",,"A",,"A",,"A",,"A",,"A",,"A",,"A"
"20111",2246734,14,0,"1","430","D","1","D","10","D",4,"D",,"A",,"A",,"A",,"A",,"A",,"A",,"A",,"A",,"A"
"20111",2247324,13,0,"1","420","D","1","D","12","D",98,"D",,"A",,"A",,"A",,"A",,"A",,"A",,"A",,"A",,"A"
"20111",2247324,14,0,"2","420","D","1","D","10","D",43,"D",,"A",,"A",,"A",,"A",,"A",,"A",,"A",,"A",,"A"
"20111",2247434,21,0,"1","400","D","1","D","12","D",80,"D",,"A",,"A",,"A",,"A",,"A",,"A",,"A",,"A",,"A"
"20111",2248155,19,0,"1","400","D","2","D","11","D",30,"D",,"A",,"A",,"A",,"A",,"A",,"A",,"A",,"A",,"A"
"20111",2248155,20,0,"1","400","D","2","D","12","D",30,"D",,"A",,"A",,"A",,"A",,"A",,"A",,"A",,"A",,"A"
"20111",2248534,22,0,"2","400","D","1","D","10","D",50,"D",,"A",,"A",,"A",,"A",,"A",,"A",,"A",,"A",,"A"
"20111",2249005,18,0,"1","430","D","2","D","12","D",30,"D",,"A",,"A",,"A",,"A",,"A",,"A",,"A",,"A",,"A"
"20111",2249124,17,0,"1","400","D","1","D","12","D",106,"D",,"A",,"A",,"A",,"A",,"A",,"A",,"A",,"A",,"A"
"20111",2249975,23,0,"1","400","D","1","D","11","D",317,"D",,"A",,"A",,"A",,"A",,"A",,"A",,"A",,"A",,"A"
"20111",2250165,24,0,"1","400","D","1","D","12","D",40,"D",,"A",,"A",,"A",,"A",,"A",,"A",,"A",,"A",,"A"
"20111",2250254,19,0,"1","430","D","1","D","11","D",20,"D",,"A",,"A",,"A",,"A",,"A",,"A",,"A",,"A",,"A"
"20111",2250984,15,0,"1","430","D","1","D","10","D",68,"D",,"A",,"A",,"A",,"A",,"A",,"A",,"A",,"A",,"A"
"20111",2251814,20,0,"1","400","D","1","D","10","D",128,"D",,"A",,"A",,"A",,"A",,"A",,"A",,"A",,"A",,"A"
"20111",2251995,18,0,"1","410","D","1","D","10","D",81,"D",,"A",,"A",,"A",,"A",,"A",,"A",,"A",,"A",,"A"
"20111",2251995,19,0,"1","410","D","1","D","11","D",30,"D",,"A",,"A",,"A",,"A",,"A",,"A",,"A",,"A",,"A"
"20111",2252315,16,0,"1","440","D","1","D","12","D",.,"H","430","D","400","D",,"A",,"A",,"A",,"A",,"A",,"A",,"A"
"20111",2252315,16,1,"1","430","D","1","D","12","D",15,"E",,"A",,"A",,"A",,"A",,"A",,"A",,"A",,"A",,"A"
"20111",2252315,16,2,"1","400","D","1","D","12","D",65,"E",,"A",,"A",,"A",,"A",,"A",,"A",,"A",,"A",,"A"
"20111",2252315,17,0,"2","400","D","1","D","10","D",2,"D",,"A",,"A",,"A",,"A",,"A",,"A",,"A",,"A",,"A"
"20111",2252444,16,0,"1","420","D","1","D","11","D",54,"D",,"A",,"A",,"A",,"A",,"A",,"A",,"A",,"A",,"A"
"20111",2252715,14,0,"1","430","D","1","D","11","D",45,"D",,"A",,"A",,"A",,"A",,"A",,"A",,"A",,"A",,"A"
"20111",2253185,14,0,"1","430","D","1","D","10","D",300,"D",,"A",,"A",,"A",,"A",,"A",,"A",,"A",,"A",,"A"
"20111",2253295,17,0,"1","400","D","2","D","12","D",75,"D",,"A",,"A",,"A",,"A",,"A",,"A",,"A",,"A",,"A"
"20111",2253295,18,0,"1","420","D","2","D","12","D",8,"D",,"A",,"A",,"A",,"A",,"A",,"A",,"A",,"A",,"A"
"20111",2253295,19,0,"1","440","D","2","D","11","D",.,"H","420","D","400","D",,"A",,"A",,"A",,"A",,"A",,"A",,"A"
"20111",2253295,19,1,"1","420","D","2","D","11","D",7,"E",,"A",,"A",,"A",,"A",,"A",,"A",,"A",,"A",,"A"
"20111",2253295,19,2,"1","400","D","2","D","11","D",33,"E",,"A",,"A",,"A",,"A",,"A",,"A",,"A",,"A",,"A"
"20111",2253295,20,0,"2","400","D","2","D","10","D",35,"D",,"A",,"A",,"A",,"A",,"A",,"A",,"A",,"A",,"A"
"20111",2253404,22,0,"1","400","D","1","D","11","D",15,"D",,"A",,"A",,"A",,"A",,"A",,"A",,"A",,"A",,"A"
"20111",2254974,30,0,"1","400","D","1","D","01","D",8,"D",,"A",,"A",,"A",,"A",,"A",,"A",,"A",,"A",,"A"
"20111",2254974,31,0,"1","420","D","1","D","01","D",15,"D",,"A",,"A",,"A",,"A",,"A",,"A",,"A",,"A",,"A"
"20111",2255464,26,0,"1","400","D","1","D","12","D",45,"D",,"A",,"A",,"A",,"A",,"A",,"A",,"A",,"A",,"A"
"20111",2255464,27,0,"1","420","D","1","D","12","D",33,"D",,"A",,"A",,"A",,"A",,"A",,"A",,"A",,"A",,"A"
"20111",2255464,28,0,"1","430","D","1","D","12","D",15,"D",,"A",,"A",,"A",,"A",,"A",,"A",,"A",,"A",,"A"
"20111",2255524,16,0,"1","430","D","1","D","01","D",33,"D",,"A",,"A",,"A",,"A",,"A",,"A",,"A",,"A",,"A"
"20111",2255834,13,0,"1","400","D","1","D","01","D",25,"D",,"A",,"A",,"A",,"A",,"A",,"A",,"A",,"A",,"A"
"20111",2256444,20,0,"1","420","D","1","D","11","D",10,"D",,"A",,"A",,"A",,"A",,"A",,"A",,"A",,"A",,"A"
"20111",2256465,16,0,"1","410","D","1","D","11","D",212,"D",,"A",,"A",,"A",,"A",,"A",,"A",,"A",,"A",,"A"
"20111",2257075,17,0,"1","400","D","1","D","01","D",100,"D",,"A",,"A",,"A",,"A",,"A",,"A",,"A",,"A",,"A"
"20111",2257365,14,0,"1","430","D","1","D","12","D",54,"D",,"A",,"A",,"A",,"A",,"A",,"A",,"A",,"A",,"A"
"20111",2257734,14,0,"1","400","D","2","D","01","D",51,"D",,"A",,"A",,"A",,"A",,"A",,"A",,"A",,"A",,"A"
"20111",2257805,18,0,"1","400","D","1","D","01","D",20,"D",,"A",,"A",,"A",,"A",,"A",,"A",,"A",,"A",,"A"
"20111",2258045,17,0,"1","400","D","1","D","11","D",37,"D",,"A",,"A",,"A",,"A",,"A",,"A",,"A",,"A",,"A"
"20111",2258045,18,0,"1","400","D","1","D","12","D",16,"D",,"A",,"A",,"A",,"A",,"A",,"A",,"A",,"A",,"A"
"20111",2258045,19,0,"1","400","D","1","D","01","D",42,"D",,"A",,"A",,"A",,"A",,"A",,"A",,"A",,"A",,"A"
"20111",2258284,27,0,"1","400","D","1","D","12","D",250,"D",,"A",,"A",,"A",,"A",,"A",,"A",,"A",,"A",,"A"
"20111",2258284,28,0,"1","430","D","2","D","11","D",150,"D",,"A",,"A",,"A",,"A",,"A",,"A",,"A",,"A",,"A"
"20111",2259134,15,0,"2","430","D","1","D","11","D",5,"D",,"A",,"A",,"A",,"A",,"A",,"A",,"A",,"A",,"A"
"20111",2260034,28,0,"1","430","D","1","D","11","D",109,"D",,"A",,"A",,"A",,"A",,"A",,"A",,"A",,"A",,"A"
"20111",2260034,29,0,"1","430","D","1","D","12","D",109,"D",,"A",,"A",,"A",,"A",,"A",,"A",,"A",,"A",,"A"
"20111",2260034,30,0,"1","430","D","1","D","01","D",33,"D",,"A",,"A",,"A",,"A",,"A",,"A",,"A",,"A",,"A"
"20111",2260034,31,0,"1","430","D","1","D","01","D",49,"D",,"A",,"A",,"A",,"A",,"A",,"A",,"A",,"A",,"A"
"20111",2260034,32,0,"1","430","D","1","D","01","D",109,"D",,"A",,"A",,"A",,"A",,"A",,"A",,"A",,"A",,"A"
"20111",2260275,18,0,"1","430","D","1","D","01","D",18,"D",,"A",,"A",,"A",,"A",,"A",,"A",,"A",,"A",,"A"
"20111",2261044,17,0,"1","420","D","1","D","12","D",11,"D",,"A",,"A",,"A",,"A",,"A",,"A",,"A",,"A",,"A"
"20111",2261295,17,0,"1","400","D","1","D","12","D",30,"D",,"A",,"A",,"A",,"A",,"A",,"A",,"A",,"A",,"A"
"20111",2261525,16,0,"1","440","D","1","D","12","D",.,"H","420","D","410","D",,"A",,"A",,"A",,"A",,"A",,"A",,"A"
"20111",2261525,16,1,"1","410","D","1","D","12","D",30,"E",,"A",,"A",,"A",,"A",,"A",,"A",,"A",,"A",,"A"
"20111",2261525,16,2,"1","420","D","1","D","12","D",11,"E",,"A",,"A",,"A",,"A",,"A",,"A",,"A",,"A",,"A"
"20111",2261525,17,0,"2","400","D","1","D","11","D",14,"D",,"A",,"A",,"A",,"A",,"A",,"A",,"A",,"A",,"A"
"20111",2261575,16,0,"1","420","D","1","D","01","D",40,"D",,"A",,"A",,"A",,"A",,"A",,"A",,"A",,"A",,"A"
"20111",2261654,16,0,"1","420","D","1","D","12","D",53,"D",,"A",,"A",,"A",,"A",,"A",,"A",,"A",,"A",,"A"
"20111",2261705,18,0,"1","410","D","1","D","01","D",12,"D",,"A",,"A",,"A",,"A",,"A",,"A",,"A",,"A",,"A"
"20111",2261864,14,0,"1","430","D","1","D","11","D",318,"D",,"A",,"A",,"A",,"A",,"A",,"A",,"A",,"A",,"A"
"20111",2262325,20,0,"1","410","D","1","D","01","D",70,"D",,"A",,"A",,"A",,"A",,"A",,"A",,"A",,"A",,"A"
"20111",2262525,14,0,"1","400","D","2","D","11","D",30,"D",,"A",,"A",,"A",,"A",,"A",,"A",,"A",,"A",,"A"
"20111",2264315,28,0,"1","400","D","1","D","12","D",192,"D",,"A",,"A",,"A",,"A",,"A",,"A",,"A",,"A",,"A"
"20111",2264544,15,0,"1","430","D","1","D","12","D",13,"D",,"A",,"A",,"A",,"A",,"A",,"A",,"A",,"A",,"A"
"20111",2265575,33,0,"1","400","D","2","D","11","D",30,"D",,"A",,"A",,"A",,"A",,"A",,"A",,"A",,"A",,"A"
"20111",2265734,14,0,"1","430","D","1","D","11","D",27,"D",,"A",,"A",,"A",,"A",,"A",,"A",,"A",,"A",,"A"
"20111",2266054,25,0,"1","440","D","1","D","12","D",.,"H","400","D","410","D","430","D","420","D",,"A",,"A",,"A",,"A",,"A"
"20111",2266054,25,1,"1","400","D","1","D","12","D",124,"E",,"A",,"A",,"A",,"A",,"A",,"A",,"A",,"A",,"A"
"20111",2266054,25,2,"1","410","D","1","D","12","D",83,"E",,"A",,"A",,"A",,"A",,"A",,"A",,"A",,"A",,"A"
"20111",2266054,25,3,"1","430","D","1","D","12","D",57,"E",,"A",,"A",,"A",,"A",,"A",,"A",,"A",,"A",,"A"
"20111",2266054,26,0,"2","440","D","1","D","11","D",.,"H","420","D","410","D",,"A",,"A",,"A",,"A",,"A",,"A",,"A"
"20111",2266054,26,1,"2","410","D","1","D","11","D",26,"E",,"A",,"A",,"A",,"A",,"A",,"A",,"A",,"A",,"A"
"20111",2267775,30,0,"1","420","D","1","D","01","D",15,"D",,"A",,"A",,"A",,"A",,"A",,"A",,"A",,"A",,"A"
"20111",2267775,31,0,"1","400","D","1","D","01","D",36,"D",,"A",,"A",,"A",,"A",,"A",,"A",,"A",,"A",,"A"
"20111",2268984,14,0,"1","420","D","1","D","01","D",5,"D",,"A",,"A",,"A",,"A",,"A",,"A",,"A",,"A",,"A"
"20111",2269574,24,0,"1","410","D","1","D","01","D",55,"D",,"A",,"A",,"A",,"A",,"A",,"A",,"A",,"A",,"A"
"20111",2269755,16,0,"1","400","D","1","D","11","D",28,"D",,"A",,"A",,"A",,"A",,"A",,"A",,"A",,"A",,"A"
"20111",2269755,17,0,"1","400","D","1","D","12","D",28,"D",,"A",,"A",,"A",,"A",,"A",,"A",,"A",,"A",,"A"
"20111",2269755,18,0,"1","400","D","1","D","01","D",28,"D",,"A",,"A",,"A",,"A",,"A",,"A",,"A",,"A",,"A"
"20111",2269784,27,0,"1","420","D","1","D","01","D",4,"D",,"A",,"A",,"A",,"A",,"A",,"A",,"A",,"A",,"A"
"20111",2270024,22,0,"1","400","D","1","D","12","D",33,"D",,"A",,"A",,"A",,"A",,"A",,"A",,"A",,"A",,"A"
"20111",2270714,20,0,"1","400","D","1","D","12","D",27,"D",,"A",,"A",,"A",,"A",,"A",,"A",,"A",,"A",,"A"
"20111",2271345,15,0,"1","400","D","1","D","12","D",10,"D",,"A",,"A",,"A",,"A",,"A",,"A",,"A",,"A",,"A"
"20111",2271345,16,0,"1","400","D","1","D","01","D",21,"D",,"A",,"A",,"A",,"A",,"A",,"A",,"A",,"A",,"A"
"20111",2271345,17,0,"1","420","D","1","D","01","D",10,"D",,"A",,"A",,"A",,"A",,"A",,"A",,"A",,"A",,"A"
"20111",2271365,14,0,"1","410","D","1","D","12","D",25,"D",,"A",,"A",,"A",,"A",,"A",,"A",,"A",,"A",,"A"
"20111",2271365,15,0,"1","420","D","1","D","12","D",15,"D",,"A",,"A",,"A",,"A",,"A",,"A",,"A",,"A",,"A"
"20111",2271395,14,0,"1","410","D","2","D","01","D",300,"D",,"A",,"A",,"A",,"A",,"A",,"A",,"A",,"A",,"A"
"20111",2271534,39,0,"1","410","D","1","D","12","D",31,"D",,"A",,"A",,"A",,"A",,"A",,"A",,"A",,"A",,"A"
"20111",2272764,17,0,"1","400","D","1","D","12","D",50,"D",,"A",,"A",,"A",,"A",,"A",,"A",,"A",,"A",,"A"
"20111",2272764,18,0,"1","400","D","1","D","01","D",60,"D",,"A",,"A",,"A",,"A",,"A",,"A",,"A",,"A",,"A"
"20111",2273505,15,0,"1","420","D","1","D","01","D",2,"D",,"A",,"A",,"A",,"A",,"A",,"A",,"A",,"A",,"A"
"20111",2273584,18,0,"2","400","D","1","D","11","D",30,"D",,"A",,"A",,"A",,"A",,"A",,"A",,"A",,"A",,"A"
"20111",2273834,21,0,"1","400","D","1","D","01","D",531,"D",,"A",,"A",,"A",,"A",,"A",,"A",,"A",,"A",,"A"
"20111",2273964,25,0,"1","400","D","1","D","01","D",91,"D",,"A",,"A",,"A",,"A",,"A",,"A",,"A",,"A",,"A"
"20111",2275495,15,0,"1","400","D","1","D","12","D",50,"D",,"A",,"A",,"A",,"A",,"A",,"A",,"A",,"A",,"A"
"20111",2275725,30,0,"1","420","D","2","D","12","D",70,"D",,"A",,"A",,"A",,"A",,"A",,"A",,"A",,"A",,"A"
"20111",2276264,57,0,"2","420","D","1","D","11","D",75,"D",,"A",,"A",,"A",,"A",,"A",,"A",,"A",,"A",,"A"
"20111",2276264,58,0,"2","420","D","1","D","11","D",16,"D",,"A",,"A",,"A",,"A",,"A",,"A",,"A",,"A",,"A"
"20111",2277304,20,0,"2","430","D","2","D","11","D",3,"D",,"A",,"A",,"A",,"A",,"A",,"A",,"A",,"A",,"A"
"20111",2277785,20,0,"1","420","D","1","D","11","D",60,"D",,"A",,"A",,"A",,"A",,"A",,"A",,"A",,"A",,"A"
"20111",2278105,18,0,"1","400","D","1","D","11","D",36,"D",,"A",,"A",,"A",,"A",,"A",,"A",,"A",,"A",,"A"
"20111",2278325,14,0,"2","420","D","1","D","11","D",5,"D",,"A",,"A",,"A",,"A",,"A",,"A",,"A",,"A",,"A"
"20111",2278734,29,0,"1","420","D","1","D","12","D",20,"D",,"A",,"A",,"A",,"A",,"A",,"A",,"A",,"A",,"A"
"20111",2278734,30,0,"2","420","D","1","D","11","D",2,"D",,"A",,"A",,"A",,"A",,"A",,"A",,"A",,"A",,"A"
"20111",2279544,18,0,"2","400","D","1","D","11","D",25,"D",,"A",,"A",,"A",,"A",,"A",,"A",,"A",,"A",,"A"
"20111",2279824,29,0,"1","420","D","1","D","01","D",9,"D",,"A",,"A",,"A",,"A",,"A",,"A",,"A",,"A",,"A"
"20111",2279824,30,0,"1","420","D","2","D","01","D",32,"D",,"A",,"A",,"A",,"A",,"A",,"A",,"A",,"A",,"A"
"20111",2279974,22,0,"1","420","D","1","D","01","D",10,"D",,"A",,"A",,"A",,"A",,"A",,"A",,"A",,"A",,"A"
"20111",2279974,23,0,"1","420","D","1","D","11","D",10,"D",,"A",,"A",,"A",,"A",,"A",,"A",,"A",,"A",,"A"
"20111",2279974,24,0,"1","420","D","1","D","12","D",10,"D",,"A",,"A",,"A",,"A",,"A",,"A",,"A",,"A",,"A"
"20111",2280355,20,0,"1","410","D","2","D","12","D",60,"D",,"A",,"A",,"A",,"A",,"A",,"A",,"A",,"A",,"A"
"20111",2281625,17,0,"1","400","D","1","D","02","D",60,"D",,"A",,"A",,"A",,"A",,"A",,"A",,"A",,"A",,"A"
"20111",2281644,23,0,"2","420","D","1","D","12","D",1,"D",,"A",,"A",,"A",,"A",,"A",,"A",,"A",,"A",,"A"
"20111",2281854,17,0,"1","400","D","1","D","02","D",151,"D",,"A",,"A",,"A",,"A",,"A",,"A",,"A",,"A",,"A"
"20111",2281854,18,0,"1","400","D","1","D","02","D",25,"D",,"A",,"A",,"A",,"A",,"A",,"A",,"A",,"A",,"A"
"20111",2281854,19,0,"1","400","D","1","D","02","D",110,"D",,"A",,"A",,"A",,"A",,"A",,"A",,"A",,"A",,"A"
"20111",2282145,16,0,"2","400","D","1","D","12","D",20,"D",,"A",,"A",,"A",,"A",,"A",,"A",,"A",,"A",,"A"
"20111",2282244,22,0,"1","400","D","2","D","12","D",68,"D",,"A",,"A",,"A",,"A",,"A",,"A",,"A",,"A",,"A"
"20111",2282534,14,0,"1","400","D","1","D","12","D",20,"D",,"A",,"A",,"A",,"A",,"A",,"A",,"A",,"A",,"A"
"20111",2282945,15,0,"1","420","D","1","D","02","D",2,"D",,"A",,"A",,"A",,"A",,"A",,"A",,"A",,"A",,"A"
"20111",2283815,15,0,"2","410","D","2","D","12","D",20,"D",,"A",,"A",,"A",,"A",,"A",,"A",,"A",,"A",,"A"
"20111",2284024,17,0,"1","400","D","1","D","02","D",63,"D",,"A",,"A",,"A",,"A",,"A",,"A",,"A",,"A",,"A"
"20111",2285045,16,0,"1","420","D","1","D","02","D",22,"D",,"A",,"A",,"A",,"A",,"A",,"A",,"A",,"A",,"A"
"20111",2285135,26,0,"2","400","D","1","D","12","D",40,"D",,"A",,"A",,"A",,"A",,"A",,"A",,"A",,"A",,"A"
"20111",2285524,18,0,"1","420","D","1","D","01","D",11,"D",,"A",,"A",,"A",,"A",,"A",,"A",,"A",,"A",,"A"
"20111",2285555,14,0,"1","420","D","1","D","12","D",15,"D",,"A",,"A",,"A",,"A",,"A",,"A",,"A",,"A",,"A"
"20111",2286334,27,0,"1","410","D","2","D","12","D",45,"D",,"A",,"A",,"A",,"A",,"A",,"A",,"A",,"A",,"A"
"20111",2286334,28,0,"1","410","D","1","D","12","D",30,"D",,"A",,"A",,"A",,"A",,"A",,"A",,"A",,"A",,"A"
"20111",2286365,21,0,"1","430","D","1","D","01","D",50,"D",,"A",,"A",,"A",,"A",,"A",,"A",,"A",,"A",,"A"
"20111",2287395,15,0,"1","410","D","1","D","01","D",59,"D",,"A",,"A",,"A",,"A",,"A",,"A",,"A",,"A",,"A"
"20111",2287885,31,0,"1","420","D","2","D","01","D",15,"D",,"A",,"A",,"A",,"A",,"A",,"A",,"A",,"A",,"A"
"20111",2288105,14,0,"1","400","D","1","D","01","D",200,"D",,"A",,"A",,"A",,"A",,"A",,"A",,"A",,"A",,"A"
"20111",2289014,20,0,"1","410","D","1","D","12","D",44,"D",,"A",,"A",,"A",,"A",,"A",,"A",,"A",,"A",,"A"
"20111",2289094,18,0,"1","400","D","1","D","02","D",35,"D",,"A",,"A",,"A",,"A",,"A",,"A",,"A",,"A",,"A"
"20111",2289804,14,0,"1","430","D","1","D","01","D",1,"D",,"A",,"A",,"A",,"A",,"A",,"A",,"A",,"A",,"A"
"20111",2289905,24,0,"1","440","D","1","D","02","D",.,"H","420","D","400","D",,"A",,"A",,"A",,"A",,"A",,"A",,"A"
"20111",2289905,24,1,"1","400","D","1","D","02","D",27,"E",,"A",,"A",,"A",,"A",,"A",,"A",,"A",,"A",,"A"
"20111",2290255,23,0,"1","400","D","1","D","01","D",20,"D",,"A",,"A",,"A",,"A",,"A",,"A",,"A",,"A",,"A"
"20111",2291144,18,0,"1","400","D","1","D","01","D",55,"D",,"A",,"A",,"A",,"A",,"A",,"A",,"A",,"A",,"A"
"20111",2291524,15,0,"1","410","D","1","D","01","D",27,"D",,"A",,"A",,"A",,"A",,"A",,"A",,"A",,"A",,"A"
"20111",2291765,17,0,"1","400","D","1","D","01","D",3,"D",,"A",,"A",,"A",,"A",,"A",,"A",,"A",,"A",,"A"
"20111",2292194,17,0,"1","400","D","1","D","01","D",100,"D",,"A",,"A",,"A",,"A",,"A",,"A",,"A",,"A",,"A"
"20111",2292365,13,0,"1","410","D","2","D","12","D",200,"D",,"A",,"A",,"A",,"A",,"A",,"A",,"A",,"A",,"A"
"20111",2292365,14,0,"1","410","D","2","D","01","D",200,"D",,"A",,"A",,"A",,"A",,"A",,"A",,"A",,"A",,"A"
"20111",2292365,15,0,"1","410","D","2","D","02","D",150,"D",,"A",,"A",,"A",,"A",,"A",,"A",,"A",,"A",,"A"
"20111",2292365,16,0,"2","400","D","1","D","12","D",400,"D",,"A",,"A",,"A",,"A",,"A",,"A",,"A",,"A",,"A"
"20111",2292405,16,0,"1","400","D","1","D","01","D",25,"D",,"A",,"A",,"A",,"A",,"A",,"A",,"A",,"A",,"A"
"20111",2292424,20,0,"1","440","D","1","D","02","D",.,"H","430","D","410","D",,"A",,"A",,"A",,"A",,"A",,"A",,"A"
"20111",2292424,20,1,"1","430","D","1","D","02","D",41,"E",,"A",,"A",,"A",,"A",,"A",,"A",,"A",,"A",,"A"
"20111",2292424,20,2,"1","410","D","1","D","02","D",36,"E",,"A",,"A",,"A",,"A",,"A",,"A",,"A",,"A",,"A"
"20111",2292475,24,0,"1","400","D","1","D","01","D",53,"D",,"A",,"A",,"A",,"A",,"A",,"A",,"A",,"A",,"A"
"20111",2292475,25,0,"1","400","D","1","D","02","D",53,"D",,"A",,"A",,"A",,"A",,"A",,"A",,"A",,"A",,"A"
"20111",2292475,26,0,"1","400","D","1","D","12","D",53,"D",,"A",,"A",,"A",,"A",,"A",,"A",,"A",,"A",,"A"
"20111",2292954,15,0,"1","400","D","1","D","01","D",25,"D",,"A",,"A",,"A",,"A",,"A",,"A",,"A",,"A",,"A"
"20111",2292954,16,0,"1","400","D","1","D","12","D",18,"D",,"A",,"A",,"A",,"A",,"A",,"A",,"A",,"A",,"A"
"20111",2292964,19,0,"1","400","D","1","D","02","D",50,"D",,"A",,"A",,"A",,"A",,"A",,"A",,"A",,"A",,"A"
"20111",2293765,34,0,"1","400","D","1","D","02","D",54,"D",,"A",,"A",,"A",,"A",,"A",,"A",,"A",,"A",,"A"
"20111",2293924,20,0,"1","420","D","1","D","02","D",5,"D",,"A",,"A",,"A",,"A",,"A",,"A",,"A",,"A",,"A"
"20111",2294024,14,0,"1","400","D","1","D","12","D",40,"D",,"A",,"A",,"A",,"A",,"A",,"A",,"A",,"A",,"A"
"20111",2294024,15,0,"1","430","D","1","D","02","D",12,"D",,"A",,"A",,"A",,"A",,"A",,"A",,"A",,"A",,"A"
"20111",2294035,15,0,"1","400","D","1","D","02","D",50,"D",,"A",,"A",,"A",,"A",,"A",,"A",,"A",,"A",,"A"
"20111",2294064,17,0,"1","400","D","1","D","02","D",20,"D",,"A",,"A",,"A",,"A",,"A",,"A",,"A",,"A",,"A"
"20111",2294105,19,0,"1","410","D","1","D","02","D",18,"D",,"A",,"A",,"A",,"A",,"A",,"A",,"A",,"A",,"A"
"20111",2294175,14,0,"1","410","D","1","D","12","D",12,"D",,"A",,"A",,"A",,"A",,"A",,"A",,"A",,"A",,"A"
"20111",2294334,21,0,"1","420","D","1","D","02","D",8,"D",,"A",,"A",,"A",,"A",,"A",,"A",,"A",,"A",,"A"
"20111",2295065,19,0,"1","440","D","1","D","12","D",.,"H","400","D","410","D",,"A",,"A",,"A",,"A",,"A",,"A",,"A"
"20111",2295065,19,1,"1","400","D","1","D","12","D",63,"E",,"A",,"A",,"A",,"A",,"A",,"A",,"A",,"A",,"A"
"20111",2295065,19,2,"1","410","D","1","D","12","D",42,"E",,"A",,"A",,"A",,"A",,"A",,"A",,"A",,"A",,"A"
"20111",2295065,20,0,"1","410","D","1","D","01","D",27,"D",,"A",,"A",,"A",,"A",,"A",,"A",,"A",,"A",,"A"
"20111",2295744,17,0,"1","400","D","1","D","02","D",100,"D",,"A",,"A",,"A",,"A",,"A",,"A",,"A",,"A",,"A"
"20111",2296104,18,0,"1","430","D","1","D","01","D",26,"D",,"A",,"A",,"A",,"A",,"A",,"A",,"A",,"A",,"A"
"20111",2296245,16,0,"1","410","D","1","D","01","D",32,"D",,"A",,"A",,"A",,"A",,"A",,"A",,"A",,"A",,"A"
"20111",2296245,17,0,"2","440","D","1","D","12","D",.,"H","420","D","410","D",,"A",,"A",,"A",,"A",,"A",,"A",,"A"
"20111",2296245,17,1,"2","410","D","1","D","12","D",75,"E",,"A",,"A",,"A",,"A",,"A",,"A",,"A",,"A",,"A"
"20111",2296584,29,0,"1","410","D","1","D","12","D",11,"D",,"A",,"A",,"A",,"A",,"A",,"A",,"A",,"A",,"A"
"20111",2296584,30,0,"2","410","D","1","D","12","D",20,"D",,"A",,"A",,"A",,"A",,"A",,"A",,"A",,"A",,"A"
"20111",2296805,22,0,"1","410","D","2","D","01","D",25,"D",,"A",,"A",,"A",,"A",,"A",,"A",,"A",,"A",,"A"
"20111",2296825,17,0,"1","400","D","1","D","12","D",40,"D",,"A",,"A",,"A",,"A",,"A",,"A",,"A",,"A",,"A"
"20111",2297475,25,0,"1","410","D","1","D","02","D",21,"D",,"A",,"A",,"A",,"A",,"A",,"A",,"A",,"A",,"A"
"20111",2297514,21,0,"1","400","D","1","D","01","D",65,"D",,"A",,"A",,"A",,"A",,"A",,"A",,"A",,"A",,"A"
"20111",2297514,22,0,"1","400","D","1","D","02","D",45,"D",,"A",,"A",,"A",,"A",,"A",,"A",,"A",,"A",,"A"
"20111",2297514,23,0,"2","400","D","1","D","12","D",70,"D",,"A",,"A",,"A",,"A",,"A",,"A",,"A",,"A",,"A"
"20111",2297914,24,0,"1","400","D","1","D","02","D",6,"D",,"A",,"A",,"A",,"A",,"A",,"A",,"A",,"A",,"A"
"20111",2298234,14,0,"1","400","D","2","D","02","D",35,"D",,"A",,"A",,"A",,"A",,"A",,"A",,"A",,"A",,"A"
"20111",2298584,20,0,"1","430","D","1","D","12","D",1,"D",,"A",,"A",,"A",,"A",,"A",,"A",,"A",,"A",,"A"
"20111",2299924,23,0,"1","420","D","1","D","02","D",33,"D",,"A",,"A",,"A",,"A",,"A",,"A",,"A",,"A",,"A"
"20111",2299924,24,0,"1","420","D","1","D","02","D",16,"D",,"A",,"A",,"A",,"A",,"A",,"A",,"A",,"A",,"A"
"20111",2300055,13,0,"1","400","D","1","D","12","D",25,"D",,"A",,"A",,"A",,"A",,"A",,"A",,"A",,"A",,"A"
"20111",2300055,14,0,"1","400","D","1","D","02","D",40,"D",,"A",,"A",,"A",,"A",,"A",,"A",,"A",,"A",,"A"
"20111",2300055,15,0,"1","420","D","1","D","02","D",18,"D",,"A",,"A",,"A",,"A",,"A",,"A",,"A",,"A",,"A"
"20111",2300085,26,0,"1","420","D","1","D","02","D",31,"D",,"A",,"A",,"A",,"A",,"A",,"A",,"A",,"A",,"A"
"20111",2300175,14,0,"1","400","D","1","D","01","D",11,"D",,"A",,"A",,"A",,"A",,"A",,"A",,"A",,"A",,"A"
"20111",2302175,15,0,"1","430","D","1","D","01","D",1,"D",,"A",,"A",,"A",,"A",,"A",,"A",,"A",,"A",,"A"
"20111",2303184,20,0,"1","400","D","1","D","01","D",20,"D",,"A",,"A",,"A",,"A",,"A",,"A",,"A",,"A",,"A"
"20111",2303955,24,0,"2","400","D","1","D","12","D",90,"D",,"A",,"A",,"A",,"A",,"A",,"A",,"A",,"A",,"A"
"20111",2304225,14,0,"1","420","D","1","D","02","D",21,"D",,"A",,"A",,"A",,"A",,"A",,"A",,"A",,"A",,"A"
"20111",2305125,14,0,"1","440","D","2","D","12","D",.,"H","410","D","420","D","430","D","400","D",,"A",,"A",,"A",,"A",,"A"
"20111",2305125,14,1,"1","410","D","2","D","12","D",4,"E",,"A",,"A",,"A",,"A",,"A",,"A",,"A",,"A",,"A"
"20111",2305125,14,2,"1","420","D","2","D","12","D",8,"E",,"A",,"A",,"A",,"A",,"A",,"A",,"A",,"A",,"A"
"20111",2305125,14,3,"1","430","D","2","D","12","D",5,"E",,"A",,"A",,"A",,"A",,"A",,"A",,"A",,"A",,"A"
"20111",2305125,14,4,"1","400","D","2","D","12","D",29,"E",,"A",,"A",,"A",,"A",,"A",,"A",,"A",,"A",,"A"
"20111",2305535,18,0,"1","430","D","1","D","02","D",138,"D",,"A",,"A",,"A",,"A",,"A",,"A",,"A",,"A",,"A"
"20111",2305575,17,0,"2","440","D","1","D","12","D",.,"H","430","D","420","D",,"A",,"A",,"A",,"A",,"A",,"A",,"A"
"20111",2305575,17,1,"2","430","D","1","D","12","D",28,"E",,"A",,"A",,"A",,"A",,"A",,"A",,"A",,"A",,"A"
"20111",2305575,17,2,"2","420","D","1","D","12","D",2,"E",,"A",,"A",,"A",,"A",,"A",,"A",,"A",,"A",,"A"
"20111",2306435,21,0,"1","410","D","1","D","01","D",16,"D",,"A",,"A",,"A",,"A",,"A",,"A",,"A",,"A",,"A"
"20111",2306435,22,0,"2","400","D","1","D","12","D",11,"D",,"A",,"A",,"A",,"A",,"A",,"A",,"A",,"A",,"A"
"20111",2306515,17,0,"1","400","D","1","D","02","D",200,"D",,"A",,"A",,"A",,"A",,"A",,"A",,"A",,"A",,"A"
"20111",2307545,15,0,"1","420","D","1","D","02","D",11,"D",,"A",,"A",,"A",,"A",,"A",,"A",,"A",,"A",,"A"
"20111",2308463,19,0,"2","430","D","1","D","10","D",11,"D",,"A",,"A",,"A",,"A",,"A",,"A",,"A",,"A",,"A"
"20111",2308563,15,0,"1","400","D","1","D","12","D",50,"D",,"A",,"A",,"A",,"A",,"A",,"A",,"A",,"A",,"A"
"20111",2308643,32,0,"1","410","D","1","D","10","D",136,"D",,"A",,"A",,"A",,"A",,"A",,"A",,"A",,"A",,"A"
"20111",2308643,33,0,"1","420","D","2","D","12","D",15,"D",,"A",,"A",,"A",,"A",,"A",,"A",,"A",,"A",,"A"
"20111",2308643,34,0,"1","430","D","2","D","11","D",72,"D",,"A",,"A",,"A",,"A",,"A",,"A",,"A",,"A",,"A"
"20111",2308643,35,0,"1","430","D","2","D","10","D",50,"D",,"A",,"A",,"A",,"A",,"A",,"A",,"A",,"A",,"A"
"20111",2308643,36,0,"2","410","D","1","D","10","D",37,"D",,"A",,"A",,"A",,"A",,"A",,"A",,"A",,"A",,"A"
"20111",2309203,13,0,"1","400","D","2","D","10","D",11,"D",,"A",,"A",,"A",,"A",,"A",,"A",,"A",,"A",,"A"
"20111",2309723,38,0,"1","400","D","1","D","12","D",11,"D",,"A",,"A",,"A",,"A",,"A",,"A",,"A",,"A",,"A"
"20111",2309723,39,0,"1","420","D","1","D","12","D",3,"D",,"A",,"A",,"A",,"A",,"A",,"A",,"A",,"A",,"A"
"20111",2309883,26,0,"1","420","D","1","D","12","D",13,"D",,"A",,"A",,"A",,"A",,"A",,"A",,"A",,"A",,"A"
"20111",2310133,24,0,"1","440","D","2","D","12","D",.,"H","420","D","400","D",,"A",,"A",,"A",,"A",,"A",,"A",,"A"
"20111",2310133,24,1,"1","420","D","2","D","12","D",21,"E",,"A",,"A",,"A",,"A",,"A",,"A",,"A",,"A",,"A"
"20111",2310133,24,2,"1","400","D","2","D","12","D",64,"E",,"A",,"A",,"A",,"A",,"A",,"A",,"A",,"A",,"A"
"20111",2310193,71,0,"1","420","D","1","D","10","D",42,"D",,"A",,"A",,"A",,"A",,"A",,"A",,"A",,"A",,"A"
"20111",2310843,26,0,"1","410","D","1","D","11","D",38,"D",,"A",,"A",,"A",,"A",,"A",,"A",,"A",,"A",,"A"
"20111",2311413,21,0,"1","420","D","1","D","12","D",8,"D",,"A",,"A",,"A",,"A",,"A",,"A",,"A",,"A",,"A"
"20111",2311803,18,0,"2","420","D","1","D","10","D",2,"D",,"A",,"A",,"A",,"A",,"A",,"A",,"A",,"A",,"A"
"20111",2311943,26,0,"1","420","D","1","D","10","D",78,"D",,"A",,"A",,"A",,"A",,"A",,"A",,"A",,"A",,"A"
"20111",2312303,15,0,"1","430","D","1","D","11","D",20,"D",,"A",,"A",,"A",,"A",,"A",,"A",,"A",,"A",,"A"
"20111",2312473,20,0,"1","400","D","1","D","11","D",5,"D",,"A",,"A",,"A",,"A",,"A",,"A",,"A",,"A",,"A"
"20111",2312513,19,0,"2","420","D","1","D","10","D",70,"D",,"A",,"A",,"A",,"A",,"A",,"A",,"A",,"A",,"A"
"20111",2312523,21,0,"1","420","D","2","D","12","D",16,"D",,"A",,"A",,"A",,"A",,"A",,"A",,"A",,"A",,"A"
"20111",2312523,22,0,"1","420","D","2","D","12","D",4,"D",,"A",,"A",,"A",,"A",,"A",,"A",,"A",,"A",,"A"
"20111",2312583,13,0,"1","400","D","2","D","12","D",40,"D",,"A",,"A",,"A",,"A",,"A",,"A",,"A",,"A",,"A"
"20111",2312613,17,0,"1","420","D","1","D","11","D",6,"D",,"A",,"A",,"A",,"A",,"A",,"A",,"A",,"A",,"A"
"20111",2312943,18,0,"1","400","D","1","D","11","D",20,"D",,"A",,"A",,"A",,"A",,"A",,"A",,"A",,"A",,"A"
"20111",2313133,13,0,"1","430","D","1","D","12","D",20,"D",,"A",,"A",,"A",,"A",,"A",,"A",,"A",,"A",,"A"
"20111",2313683,14,0,"1","410","D","1","D","12","D",5,"D",,"A",,"A",,"A",,"A",,"A",,"A",,"A",,"A",,"A"
"20111",2314113,15,0,"1","430","D","1","D","12","D",400,"D",,"A",,"A",,"A",,"A",,"A",,"A",,"A",,"A",,"A"
"20111",2314193,23,0,"1","400","D","1","D","11","D",75,"D",,"A",,"A",,"A",,"A",,"A",,"A",,"A",,"A",,"A"
"20111",2314193,24,0,"1","400","D","1","D","12","D",100,"D",,"A",,"A",,"A",,"A",,"A",,"A",,"A",,"A",,"A"
"20111",2314853,16,0,"1","430","D","1","D","12","D",1,"D",,"A",,"A",,"A",,"A",,"A",,"A",,"A",,"A",,"A"
"20111",2315423,34,0,"1","420","D","1","D","11","D",5,"D",,"A",,"A",,"A",,"A",,"A",,"A",,"A",,"A",,"A"
"20111",2315423,35,0,"1","410","D","1","D","10","D",20,"D",,"A",,"A",,"A",,"A",,"A",,"A",,"A",,"A",,"A"
"20111",2315513,21,0,"1","430","D","2","D","10","D",50,"D",,"A",,"A",,"A",,"A",,"A",,"A",,"A",,"A",,"A"
"20111",2315513,22,0,"1","430","D","2","D","11","D",29,"D",,"A",,"A",,"A",,"A",,"A",,"A",,"A",,"A",,"A"
"20111",2315513,23,0,"1","420","D","1","D","12","D",81,"D",,"A",,"A",,"A",,"A",,"A",,"A",,"A",,"A",,"A"
"20111",2315953,33,0,"1","400","D","1","D","12","D",20,"D",,"A",,"A",,"A",,"A",,"A",,"A",,"A",,"A",,"A"
"20111",2315953,34,0,"1","400","D","1","D","12","D",10,"D",,"A",,"A",,"A",,"A",,"A",,"A",,"A",,"A",,"A"
"20111",2316125,27,0,"1","410","D","1","D","11","D",40,"D",,"A",,"A",,"A",,"A",,"A",,"A",,"A",,"A",,"A"
"20111",2316125,28,0,"1","410","D","1","D","12","D",35,"D",,"A",,"A",,"A",,"A",,"A",,"A",,"A",,"A",,"A"
"20111",2316183,19,0,"1","410","D","1","D","12","D",5,"D",,"A",,"A",,"A",,"A",,"A",,"A",,"A",,"A",,"A"
"20111",2316393,18,0,"1","400","D","1","D","12","D",55,"D",,"A",,"A",,"A",,"A",,"A",,"A",,"A",,"A",,"A"
"20111",2317323,16,0,"1","400","D","1","D","11","D",15,"D",,"A",,"A",,"A",,"A",,"A",,"A",,"A",,"A",,"A"
"20111",2317473,18,0,"1","400","D","1","D","11","D",8,"D",,"A",,"A",,"A",,"A",,"A",,"A",,"A",,"A",,"A"
"20111",2317473,19,0,"1","400","D","1","D","11","D",16,"D",,"A",,"A",,"A",,"A",,"A",,"A",,"A",,"A",,"A"
"20111",2317473,20,0,"2","400","D","1","D","10","D",4,"D",,"A",,"A",,"A",,"A",,"A",,"A",,"A",,"A",,"A"
"20111",2317523,15,0,"1","400","D","1","D","11","D",35,"D",,"A",,"A",,"A",,"A",,"A",,"A",,"A",,"A",,"A"
"20111",2317623,24,0,"1","400","D","1","D","11","D",55,"D",,"A",,"A",,"A",,"A",,"A",,"A",,"A",,"A",,"A"
"20111",2317663,26,0,"1","420","D","1","D","11","D",2,"D",,"A",,"A",,"A",,"A",,"A",,"A",,"A",,"A",,"A"
"20111",2318253,26,0,"1","440","D","2","D","12","D",.,"H","420","D","410","D",,"A",,"A",,"A",,"A",,"A",,"A",,"A"
"20111",2318253,26,1,"1","410","D","2","D","12","D",58,"E",,"A",,"A",,"A",,"A",,"A",,"A",,"A",,"A",,"A"
"20111",2318253,26,2,"1","420","D","2","D","12","D",22,"E",,"A",,"A",,"A",,"A",,"A",,"A",,"A",,"A",,"A"
"20111",2318273,17,0,"1","420","D","1","D","12","D",16,"D",,"A",,"A",,"A",,"A",,"A",,"A",,"A",,"A",,"A"
"20111",2318273,18,0,"1","420","D","1","D","12","D",33,"D",,"A",,"A",,"A",,"A",,"A",,"A",,"A",,"A",,"A"
"20111",2318463,20,0,"1","410","D","2","D","11","D",32,"D",,"A",,"A",,"A",,"A",,"A",,"A",,"A",,"A",,"A"
"20111",2319013,20,0,"1","400","D","1","D","10","D",3,"D",,"A",,"A",,"A",,"A",,"A",,"A",,"A",,"A",,"A"
"20111",2319133,21,0,"1","400","D","1","D","11","D",192,"D",,"A",,"A",,"A",,"A",,"A",,"A",,"A",,"A",,"A"
"20111",2319203,22,0,"1","400","D","1","D","12","D",55,"D",,"A",,"A",,"A",,"A",,"A",,"A",,"A",,"A",,"A"
"20111",2319423,18,0,"1","400","D","1","D","01","D",50,"D",,"A",,"A",,"A",,"A",,"A",,"A",,"A",,"A",,"A"
"20111",2319543,20,0,"1","400","D","1","D","01","D",5,"D",,"A",,"A",,"A",,"A",,"A",,"A",,"A",,"A",,"A"
"20111",2319653,16,0,"1","400","D","1","D","01","D",200,"D",,"A",,"A",,"A",,"A",,"A",,"A",,"A",,"A",,"A"
"20111",2320343,20,0,"1","400","D","1","D","12","D",56,"D",,"A",,"A",,"A",,"A",,"A",,"A",,"A",,"A",,"A"
"20111",2320343,21,0,"1","410","D","1","D","12","D",30,"D",,"A",,"A",,"A",,"A",,"A",,"A",,"A",,"A",,"A"
"20111",2320363,32,0,"1","410","D","1","D","11","D",5,"D",,"A",,"A",,"A",,"A",,"A",,"A",,"A",,"A",,"A"
"20111",2320363,33,0,"1","430","D","1","D","11","D",12,"D",,"A",,"A",,"A",,"A",,"A",,"A",,"A",,"A",,"A"
"20111",2320753,18,0,"1","420","D","1","D","01","D",3,"D",,"A",,"A",,"A",,"A",,"A",,"A",,"A",,"A",,"A"
"20111",2321783,14,0,"2","420","D","1","D","11","D",5,"D",,"A",,"A",,"A",,"A",,"A",,"A",,"A",,"A",,"A"
"20111",2322013,17,0,"1","400","D","1","D","01","D",7,"D",,"A",,"A",,"A",,"A",,"A",,"A",,"A",,"A",,"A"
"20111",2322823,23,0,"1","400","D","1","D","01","D",53,"D",,"A",,"A",,"A",,"A",,"A",,"A",,"A",,"A",,"A"
"20111",2322823,24,0,"2","400","D","2","D","11","D",70,"D",,"A",,"A",,"A",,"A",,"A",,"A",,"A",,"A",,"A"
"20111",2322973,20,0,"1","400","D","1","D","01","D",19,"D",,"A",,"A",,"A",,"A",,"A",,"A",,"A",,"A",,"A"
"20111",2323673,23,0,"1","400","D","1","D","01","D",42,"D",,"A",,"A",,"A",,"A",,"A",,"A",,"A",,"A",,"A"
"20111",2323673,24,0,"1","420","D","1","D","01","D",11,"D",,"A",,"A",,"A",,"A",,"A",,"A",,"A",,"A",,"A"
"20111",2323733,13,0,"1","410","D","1","D","12","D",150,"F",,"A",,"A",,"A",,"A",,"A",,"A",,"A",,"A",,"A"
"20111",2323753,22,0,"1","410","D","1","D","12","D",50,"D",,"A",,"A",,"A",,"A",,"A",,"A",,"A",,"A",,"A"
"20111",2324123,23,0,"1","400","D","1","D","12","D",30,"D",,"A",,"A",,"A",,"A",,"A",,"A",,"A",,"A",,"A"
"20111",2324123,24,0,"1","400","D","1","D","01","D",30,"D",,"A",,"A",,"A",,"A",,"A",,"A",,"A",,"A",,"A"
"20111",2324163,15,0,"1","420","D","1","D","12","D",2,"D",,"A",,"A",,"A",,"A",,"A",,"A",,"A",,"A",,"A"
"20111",2324683,20,0,"1","400","D","2","D","12","D",30,"D",,"A",,"A",,"A",,"A",,"A",,"A",,"A",,"A",,"A"
"20111",2324683,21,0,"1","420","D","1","D","11","D",8,"D",,"A",,"A",,"A",,"A",,"A",,"A",,"A",,"A",,"A"
"20111",2325063,17,0,"1","400","D","1","D","12","D",38,"D",,"A",,"A",,"A",,"A",,"A",,"A",,"A",,"A",,"A"
"20111",2325783,17,0,"1","430","D","1","D","12","D",52,"D",,"A",,"A",,"A",,"A",,"A",,"A",,"A",,"A",,"A"
"20111",2325783,18,0,"1","430","D","1","D","01","D",52,"D",,"A",,"A",,"A",,"A",,"A",,"A",,"A",,"A",,"A"
"20111",2326083,16,0,"1","410","D","1","D","12","D",32,"D",,"A",,"A",,"A",,"A",,"A",,"A",,"A",,"A",,"A"
"20111",2326083,17,0,"1","410","D","2","D","01","D",32,"D",,"A",,"A",,"A",,"A",,"A",,"A",,"A",,"A",,"A"
"20111",2326303,14,0,"1","420","D","1","D","01","D",7,"D",,"A",,"A",,"A",,"A",,"A",,"A",,"A",,"A",,"A"
"20111",2326303,15,0,"1","400","D","1","D","01","D",75,"D",,"A",,"A",,"A",,"A",,"A",,"A",,"A",,"A",,"A"
"20111",2326413,13,0,"1","420","D","1","D","11","D",14,"D",,"A",,"A",,"A",,"A",,"A",,"A",,"A",,"A",,"A"
"20111",2327473,15,0,"1","410","D","2","D","12","D",100,"D",,"A",,"A",,"A",,"A",,"A",,"A",,"A",,"A",,"A"
"20111",2328033,22,0,"1","430","D","1","D","01","D",269,"D",,"A",,"A",,"A",,"A",,"A",,"A",,"A",,"A",,"A"
"20111",2328183,22,0,"1","400","D","1","D","11","D",85,"D",,"A",,"A",,"A",,"A",,"A",,"A",,"A",,"A",,"A"
"20111",2328183,23,0,"2","400","D","1","D","11","D",28,"D",,"A",,"A",,"A",,"A",,"A",,"A",,"A",,"A",,"A"
"20111",2328553,16,0,"1","400","D","1","D","12","D",30,"D",,"A",,"A",,"A",,"A",,"A",,"A",,"A",,"A",,"A"
"20111",2328623,18,0,"1","410","D","1","D","12","D",36,"D",,"A",,"A",,"A",,"A",,"A",,"A",,"A",,"A",,"A"
"20111",2328653,15,0,"1","430","D","1","D","12","D",108,"F",,"A",,"A",,"A",,"A",,"A",,"A",,"A",,"A",,"A"
"20111",2328753,25,0,"1","410","D","1","D","11","D",37,"D",,"A",,"A",,"A",,"A",,"A",,"A",,"A",,"A",,"A"
"20111",2328973,16,0,"1","420","D","1","D","01","D",5,"D",,"A",,"A",,"A",,"A",,"A",,"A",,"A",,"A",,"A"
"20111",2330053,16,0,"1","420","D","1","D","01","D",3,"D",,"A",,"A",,"A",,"A",,"A",,"A",,"A",,"A",,"A"
"20111",2330363,14,0,"1","400","D","1","D","01","D",32,"D",,"A",,"A",,"A",,"A",,"A",,"A",,"A",,"A",,"A"
"20111",2330613,19,0,"2","400","D","1","D","11","D",33,"D",,"A",,"A",,"A",,"A",,"A",,"A",,"A",,"A",,"A"
"20111",2330743,17,0,"1","400","D","1","D","12","D",35,"D",,"A",,"A",,"A",,"A",,"A",,"A",,"A",,"A",,"A"
"20111",2330903,18,0,"1","410","D","1","D","12","D",5,"D",,"A",,"A",,"A",,"A",,"A",,"A",,"A",,"A",,"A"
"20111",2331763,18,0,"1","400","D","1","D","12","D",30,"D",,"A",,"A",,"A",,"A",,"A",,"A",,"A",,"A",,"A"
"20111",2331763,19,0,"1","400","D","1","D","01","D",173,"D",,"A",,"A",,"A",,"A",,"A",,"A",,"A",,"A",,"A"
"20111",2331824,13,0,"1","410","D","1","D","02","D",15,"D",,"A",,"A",,"A",,"A",,"A",,"A",,"A",,"A",,"A"
"20111",2331843,13,0,"1","400","D","1","D","02","D",40,"D",,"A",,"A",,"A",,"A",,"A",,"A",,"A",,"A",,"A"
"20111",2331994,15,0,"1","410","D","1","D","12","D",20,"D",,"A",,"A",,"A",,"A",,"A",,"A",,"A",,"A",,"A"
"20111",2332223,18,0,"1","400","D","1","D","12","D",9,"D",,"A",,"A",,"A",,"A",,"A",,"A",,"A",,"A",,"A"
"20111",2332713,24,0,"1","400","D","1","D","12","D",10,"D",,"A",,"A",,"A",,"A",,"A",,"A",,"A",,"A",,"A"
"20111",2332713,25,0,"1","430","D","1","D","12","D",10,"D",,"A",,"A",,"A",,"A",,"A",,"A",,"A",,"A",,"A"
"20111",2332843,19,0,"1","440","D","1","D","02","D",.,"H","420","D","400","D",,"A",,"A",,"A",,"A",,"A",,"A",,"A"
"20111",2332843,19,1,"1","420","D","1","D","02","D",40,"E",,"A",,"A",,"A",,"A",,"A",,"A",,"A",,"A",,"A"
"20111",2332843,19,2,"1","400","D","1","D","02","D",32,"E",,"A",,"A",,"A",,"A",,"A",,"A",,"A",,"A",,"A"
"20111",2333063,17,0,"1","420","D","1","D","01","D",5,"D",,"A",,"A",,"A",,"A",,"A",,"A",,"A",,"A",,"A"
"20111",2334463,13,0,"1","400","D","2","D","01","D",5,"D",,"A",,"A",,"A",,"A",,"A",,"A",,"A",,"A",,"A"
"20111",2334863,34,0,"1","430","D","1","D","12","D",15,"D",,"A",,"A",,"A",,"A",,"A",,"A",,"A",,"A",,"A"
"20111",2334893,18,0,"1","400","D","1","D","01","D",60,"D",,"A",,"A",,"A",,"A",,"A",,"A",,"A",,"A",,"A"
"20111",2335163,14,0,"2","420","D","1","D","12","D",2,"D",,"A",,"A",,"A",,"A",,"A",,"A",,"A",,"A",,"A"
"20111",2336023,26,0,"1","410","D","1","D","01","D",10,"D",,"A",,"A",,"A",,"A",,"A",,"A",,"A",,"A",,"A"
"20111",2336683,19,0,"1","430","D","1","D","12","D",230,"D",,"A",,"A",,"A",,"A",,"A",,"A",,"A",,"A",,"A"
"20111",2336713,16,0,"1","400","D","1","D","12","D",145,"D",,"A",,"A",,"A",,"A",,"A",,"A",,"A",,"A",,"A"
"20111",2337083,18,0,"1","400","D","1","D","01","D",31,"D",,"A",,"A",,"A",,"A",,"A",,"A",,"A",,"A",,"A"
"20111",2337273,14,0,"1","430","D","1","D","01","D",50,"D",,"A",,"A",,"A",,"A",,"A",,"A",,"A",,"A",,"A"
"20111",2337343,14,0,"1","420","D","1","D","02","D",25,"D",,"A",,"A",,"A",,"A",,"A",,"A",,"A",,"A",,"A"
"20111",2337793,15,0,"1","420","D","1","D","02","D",11,"D",,"A",,"A",,"A",,"A",,"A",,"A",,"A",,"A",,"A"
"20111",2338523,14,0,"1","430","D","1","D","01","D",15,"D",,"A",,"A",,"A",,"A",,"A",,"A",,"A",,"A",,"A"
"20111",2338783,13,0,"1","400","D","1","D","02","D",32,"D",,"A",,"A",,"A",,"A",,"A",,"A",,"A",,"A",,"A"
"20111",2340773,19,0,"1","400","D","1","D","02","D",35,"D",,"A",,"A",,"A",,"A",,"A",,"A",,"A",,"A",,"A"
"20111",2340773,20,0,"1","420","D","1","D","02","D",12,"D",,"A",,"A",,"A",,"A",,"A",,"A",,"A",,"A",,"A"
"20111",2341143,21,0,"1","420","D","1","D","12","D",100,"D",,"A",,"A",,"A",,"A",,"A",,"A",,"A",,"A",,"A"
"20111",2341143,22,0,"1","400","D","1","D","02","D",25,"D",,"A",,"A",,"A",,"A",,"A",,"A",,"A",,"A",,"A"
"20111",2341143,23,0,"1","430","D","1","D","02","D",24,"D",,"A",,"A",,"A",,"A",,"A",,"A",,"A",,"A",,"A"
"20111",2341413,17,0,"1","400","D","1","D","02","D",30,"D",,"A",,"A",,"A",,"A",,"A",,"A",,"A",,"A",,"A"
"20111",2341723,13,0,"1","420","D","1","D","02","D",1,"D",,"A",,"A",,"A",,"A",,"A",,"A",,"A",,"A",,"A"
"20111",2341933,18,0,"1","410","D","1","D","12","D",42,"D",,"A",,"A",,"A",,"A",,"A",,"A",,"A",,"A",,"A"
"20111",2342263,18,0,"1","410","D","1","D","12","D",932,"D",,"A",,"A",,"A",,"A",,"A",,"A",,"A",,"A",,"A"
"20111",2342433,15,0,"1","400","D","1","D","12","D",192,"D",,"A",,"A",,"A",,"A",,"A",,"A",,"A",,"A",,"A"
"20111",2342642,34,0,"1","440","D","1","D","11","D",.,"H","420","D","410","D",,"A",,"A",,"A",,"A",,"A",,"A",,"A"
"20111",2342642,34,1,"1","420","D","1","D","11","D",9,"E",,"A",,"A",,"A",,"A",,"A",,"A",,"A",,"A",,"A"
"20111",2342642,34,2,"1","410","D","1","D","11","D",30,"E",,"A",,"A",,"A",,"A",,"A",,"A",,"A",,"A",,"A"
"20111",2343282,17,0,"1","430","D","1","D","11","D",5,"D",,"A",,"A",,"A",,"A",,"A",,"A",,"A",,"A",,"A"
"20111",2343662,21,0,"1","400","D","1","D","12","D",75,"D",,"A",,"A",,"A",,"A",,"A",,"A",,"A",,"A",,"A"
"20111",2344002,21,0,"1","440","D","1","D","10","D",.,"H","420","D","410","D",,"A",,"A",,"A",,"A",,"A",,"A",,"A"
"20111",2344002,21,1,"1","420","D","1","D","10","D",3,"E",,"A",,"A",,"A",,"A",,"A",,"A",,"A",,"A",,"A"
"20111",2344002,21,2,"1","410","D","1","D","10","D",7,"E",,"A",,"A",,"A",,"A",,"A",,"A",,"A",,"A",,"A"
"20111",2344092,20,0,"1","440","D","1","D","10","D",.,"H","420","D","400","D",,"A",,"A",,"A",,"A",,"A",,"A",,"A"
"20111",2344092,20,1,"1","420","D","1","D","10","D",2,"E",,"A",,"A",,"A",,"A",,"A",,"A",,"A",,"A",,"A"
"20111",2344092,20,2,"1","400","D","1","D","10","D",8,"E",,"A",,"A",,"A",,"A",,"A",,"A",,"A",,"A",,"A"
"20111",2344572,18,0,"1","440","D","1","D","12","D",.,"H","430","D","420","D","410","D",,"A",,"A",,"A",,"A",,"A",,"A"
"20111",2344572,18,1,"1","420","D","1","D","12","D",166,"E",,"A",,"A",,"A",,"A",,"A",,"A",,"A",,"A",,"A"
"20111",2344572,18,2,"1","410","D","1","D","12","D",48,"E",,"A",,"A",,"A",,"A",,"A",,"A",,"A",,"A",,"A"
"20111",2344832,25,0,"1","410","D","2","D","12","D",14,"D",,"A",,"A",,"A",,"A",,"A",,"A",,"A",,"A",,"A"
"20111",2344832,26,0,"1","420","D","2","D","12","D",1,"D",,"A",,"A",,"A",,"A",,"A",,"A",,"A",,"A",,"A"
"20111",2345082,20,0,"1","440","D","2","D","11","D",.,"H","420","D","400","D",,"A",,"A",,"A",,"A",,"A",,"A",,"A"
"20111",2345082,20,1,"1","420","D","2","D","11","D",15,"E",,"A",,"A",,"A",,"A",,"A",,"A",,"A",,"A",,"A"
"20111",2345082,20,2,"1","400","D","2","D","11","D",45,"E",,"A",,"A",,"A",,"A",,"A",,"A",,"A",,"A",,"A"
"20111",2345113,16,0,"2","410","D","1","D","10","D",50,"D",,"A",,"A",,"A",,"A",,"A",,"A",,"A",,"A",,"A"
"20111",2345602,32,0,"1","430","D","1","D","11","D",45,"D",,"A",,"A",,"A",,"A",,"A",,"A",,"A",,"A",,"A"
"20111",2346722,17,0,"1","400","D","1","D","12","D",24,"D",,"A",,"A",,"A",,"A",,"A",,"A",,"A",,"A",,"A"
"20111",2347572,16,0,"1","420","D","1","D","12","D",16,"D",,"A",,"A",,"A",,"A",,"A",,"A",,"A",,"A",,"A"
"20111",2347822,20,0,"1","400","D","1","D","10","D",8,"D",,"A",,"A",,"A",,"A",,"A",,"A",,"A",,"A",,"A"
"20111",2347822,21,0,"2","400","D","1","D","10","D",8,"D",,"A",,"A",,"A",,"A",,"A",,"A",,"A",,"A",,"A"
"20111",2348602,17,0,"1","410","D","2","D","11","D",54,"D",,"A",,"A",,"A",,"A",,"A",,"A",,"A",,"A",,"A"
"20111",2348602,18,0,"1","420","D","2","D","11","D",21,"D",,"A",,"A",,"A",,"A",,"A",,"A",,"A",,"A",,"A"
"20111",2348662,20,0,"1","430","D","1","D","11","D",22,"D",,"A",,"A",,"A",,"A",,"A",,"A",,"A",,"A",,"A"
"20111",2348662,21,0,"1","430","D","1","D","12","D",22,"D",,"A",,"A",,"A",,"A",,"A",,"A",,"A",,"A",,"A"
"20111",2348732,30,0,"2","420","D","1","D","10","D",2,"D",,"A",,"A",,"A",,"A",,"A",,"A",,"A",,"A",,"A"
"20111",2348752,23,0,"1","420","D","1","D","12","D",15,"D",,"A",,"A",,"A",,"A",,"A",,"A",,"A",,"A",,"A"
"20111",2348752,24,0,"1","410","D","1","D","12","D",25,"D",,"A",,"A",,"A",,"A",,"A",,"A",,"A",,"A",,"A"
"20111",2348752,25,0,"1","430","D","1","D","12","D",5,"D",,"A",,"A",,"A",,"A",,"A",,"A",,"A",,"A",,"A"
"20111",2348962,16,0,"1","400","D","1","D","11","D",100,"D",,"A",,"A",,"A",,"A",,"A",,"A",,"A",,"A",,"A"
"20111",2349292,18,0,"1","410","D","1","D","10","D",43,"D",,"A",,"A",,"A",,"A",,"A",,"A",,"A",,"A",,"A"
"20111",2349633,30,0,"1","420","D","1","D","10","D",3,"D",,"A",,"A",,"A",,"A",,"A",,"A",,"A",,"A",,"A"
"20111",2349633,31,0,"2","410","D","1","D","10","D",27,"D",,"A",,"A",,"A",,"A",,"A",,"A",,"A",,"A",,"A"
"20111",2349742,20,0,"1","420","D","1","D","11","D",75,"D",,"A",,"A",,"A",,"A",,"A",,"A",,"A",,"A",,"A"
"20111",2349742,21,0,"1","400","D","1","D","11","D",100,"D",,"A",,"A",,"A",,"A",,"A",,"A",,"A",,"A",,"A"
"20111",2350355,17,0,"1","400","D","1","D","10","D",20,"D",,"A",,"A",,"A",,"A",,"A",,"A",,"A",,"A",,"A"
"20111",2350472,17,0,"1","440","D","1","D","10","D",.,"H","420","D","430","D",,"A",,"A",,"A",,"A",,"A",,"A",,"A"
"20111",2350472,17,1,"1","420","D","1","D","10","D",12,"E",,"A",,"A",,"A",,"A",,"A",,"A",,"A",,"A",,"A"
"20111",2350872,15,0,"1","420","D","1","D","12","D",1,"D",,"A",,"A",,"A",,"A",,"A",,"A",,"A",,"A",,"A"
"20111",2350872,16,0,"1","430","D","1","D","12","D",3,"D",,"A",,"A",,"A",,"A",,"A",,"A",,"A",,"A",,"A"
"20111",2351092,24,0,"1","400","D","1","D","11","D",73,"D",,"A",,"A",,"A",,"A",,"A",,"A",,"A",,"A",,"A"
"20111",2351092,25,0,"2","400","D","1","D","10","D",25,"D",,"A",,"A",,"A",,"A",,"A",,"A",,"A",,"A",,"A"
"20111",2351262,24,0,"1","430","D","1","D","12","D",15,"D",,"A",,"A",,"A",,"A",,"A",,"A",,"A",,"A",,"A"
"20111",2351382,21,0,"1","410","D","2","D","12","D",100,"D",,"A",,"A",,"A",,"A",,"A",,"A",,"A",,"A",,"A"
"20111",2351382,22,0,"1","420","D","2","D","12","D",10,"D",,"A",,"A",,"A",,"A",,"A",,"A",,"A",,"A",,"A"
"20111",2352012,23,0,"1","430","D","1","D","12","D",53,"D",,"A",,"A",,"A",,"A",,"A",,"A",,"A",,"A",,"A"
"20111",2352112,16,0,"1","410","D","1","D","11","D",20,"D",,"A",,"A",,"A",,"A",,"A",,"A",,"A",,"A",,"A"
"20111",2352112,17,0,"1","410","D","1","D","12","D",44,"D",,"A",,"A",,"A",,"A",,"A",,"A",,"A",,"A",,"A"
"20111",2352112,18,0,"1","420","D","1","D","12","D",3,"D",,"A",,"A",,"A",,"A",,"A",,"A",,"A",,"A",,"A"
"20111",2352112,19,0,"1","420","D","1","D","11","D",12,"D",,"A",,"A",,"A",,"A",,"A",,"A",,"A",,"A",,"A"
"20111",2352252,31,0,"1","400","D","1","D","12","D",171,"D",,"A",,"A",,"A",,"A",,"A",,"A",,"A",,"A",,"A"
"20111",2352462,16,0,"1","430","D","1","D","11","D",13,"D",,"A",,"A",,"A",,"A",,"A",,"A",,"A",,"A",,"A"
"20111",2352482,16,0,"1","400","D","2","D","11","D",20,"D",,"A",,"A",,"A",,"A",,"A",,"A",,"A",,"A",,"A"
"20111",2352482,17,0,"1","420","D","2","D","11","D",7,"D",,"A",,"A",,"A",,"A",,"A",,"A",,"A",,"A",,"A"
"20111",2353282,14,0,"1","430","D","2","D","12","D",219,"D",,"A",,"A",,"A",,"A",,"A",,"A",,"A",,"A",,"A"
"20111",2353282,15,0,"1","430","D","2","D","10","D",219,"D",,"A",,"A",,"A",,"A",,"A",,"A",,"A",,"A",,"A"
"20111",2353352,15,0,"1","400","D","2","D","12","D",32,"D",,"A",,"A",,"A",,"A",,"A",,"A",,"A",,"A",,"A"
"20111",2353382,17,0,"1","430","D","1","D","10","D",10,"D",,"A",,"A",,"A",,"A",,"A",,"A",,"A",,"A",,"A"
"20111",2353402,25,0,"1","420","D","2","D","12","D",13,"D",,"A",,"A",,"A",,"A",,"A",,"A",,"A",,"A",,"A"
"20111",2353412,19,0,"2","400","D","1","D","10","D",14,"D",,"A",,"A",,"A",,"A",,"A",,"A",,"A",,"A",,"A"
"20111",2353582,13,0,"1","410","D","1","D","11","D",53,"D",,"A",,"A",,"A",,"A",,"A",,"A",,"A",,"A",,"A"
"20111",2353582,14,0,"1","410","D","2","D","11","D",131,"D",,"A",,"A",,"A",,"A",,"A",,"A",,"A",,"A",,"A"
"20111",2353582,15,0,"1","420","D","1","D","11","D",16,"D",,"A",,"A",,"A",,"A",,"A",,"A",,"A",,"A",,"A"
"20111",2354112,15,0,"1","420","D","1","D","10","D",45,"D",,"A",,"A",,"A",,"A",,"A",,"A",,"A",,"A",,"A"
"20111",2354212,21,0,"1","420","D","1","D","12","D",2,"D",,"A",,"A",,"A",,"A",,"A",,"A",,"A",,"A",,"A"
"20111",2354402,26,0,"1","400","D","1","D","12","D",24,"D",,"A",,"A",,"A",,"A",,"A",,"A",,"A",,"A",,"A"
"20111",2354812,14,0,"1","400","D","2","D","12","D",25,"D",,"A",,"A",,"A",,"A",,"A",,"A",,"A",,"A",,"A"
"20111",2355033,17,0,"1","420","D","1","D","12","D",3,"D",,"A",,"A",,"A",,"A",,"A",,"A",,"A",,"A",,"A"
"20111",2355033,18,0,"2","400","D","1","D","11","D",16,"D",,"A",,"A",,"A",,"A",,"A",,"A",,"A",,"A",,"A"
"20111",2355033,19,0,"2","420","D","1","D","11","D",5,"D",,"A",,"A",,"A",,"A",,"A",,"A",,"A",,"A",,"A"
"20111",2355192,19,0,"1","400","D","1","D","12","D",40,"D",,"A",,"A",,"A",,"A",,"A",,"A",,"A",,"A",,"A"
"20111",2355192,20,0,"1","400","D","1","D","01","D",8,"D",,"A",,"A",,"A",,"A",,"A",,"A",,"A",,"A",,"A"
"20111",2355192,21,0,"1","420","D","1","D","12","D",20,"D",,"A",,"A",,"A",,"A",,"A",,"A",,"A",,"A",,"A"
"20111",2355302,14,0,"1","430","D","1","D","11","D",100,"D",,"A",,"A",,"A",,"A",,"A",,"A",,"A",,"A",,"A"
"20111",2355352,20,0,"1","400","D","1","D","12","D",7,"D",,"A",,"A",,"A",,"A",,"A",,"A",,"A",,"A",,"A"
"20111",2355502,21,0,"1","400","D","1","D","01","D",30,"D",,"A",,"A",,"A",,"A",,"A",,"A",,"A",,"A",,"A"
"20111",2355705,19,0,"1","400","D","1","D","11","D",450,"D",,"A",,"A",,"A",,"A",,"A",,"A",,"A",,"A",,"A"
"20111",2355882,27,0,"1","420","D","1","D","01","D",11,"D",,"A",,"A",,"A",,"A",,"A",,"A",,"A",,"A",,"A"
"20111",2356292,23,0,"2","420","D","1","D","11","D",13,"D",,"A",,"A",,"A",,"A",,"A",,"A",,"A",,"A",,"A"
"20111",2356462,13,0,"1","400","D","1","D","11","D",200,"D",,"A",,"A",,"A",,"A",,"A",,"A",,"A",,"A",,"A"
"20111",2356552,28,0,"1","420","D","1","D","12","D",15,"D",,"A",,"A",,"A",,"A",,"A",,"A",,"A",,"A",,"A"
"20111",2357002,15,0,"1","430","D","1","D","01","D",20,"D",,"A",,"A",,"A",,"A",,"A",,"A",,"A",,"A",,"A"
"20111",2357472,21,0,"1","410","D","1","D","12","D",20,"D",,"A",,"A",,"A",,"A",,"A",,"A",,"A",,"A",,"A"
"20111",2357552,21,0,"1","410","D","1","D","01","D",8,"D",,"A",,"A",,"A",,"A",,"A",,"A",,"A",,"A",,"A"
"20111",2357782,18,0,"1","420","D","2","D","12","D",5,"D",,"A",,"A",,"A",,"A",,"A",,"A",,"A",,"A",,"A"
"20111",2358022,30,0,"1","400","D","1","D","12","D",31,"D",,"A",,"A",,"A",,"A",,"A",,"A",,"A",,"A",,"A"
"20111",2358522,17,0,"1","430","D","1","D","01","D",125,"D",,"A",,"A",,"A",,"A",,"A",,"A",,"A",,"A",,"A"
"20111",2358532,16,0,"1","400","D","1","D","11","D",91,"F",,"A",,"A",,"A",,"A",,"A",,"A",,"A",,"A",,"A"
"20111",2358532,17,0,"1","400","D","1","D","12","D",30,"F",,"A",,"A",,"A",,"A",,"A",,"A",,"A",,"A",,"A"
"20111",2358532,18,0,"1","400","D","1","D","01","D",30,"F",,"A",,"A",,"A",,"A",,"A",,"A",,"A",,"A",,"A"
"20111",2358532,19,0,"1","410","D","1","D","11","D",21,"D",,"A",,"A",,"A",,"A",,"A",,"A",,"A",,"A",,"A"
"20111",2358532,20,0,"1","410","D","1","D","12","D",21,"D",,"A",,"A",,"A",,"A",,"A",,"A",,"A",,"A",,"A"
"20111",2358532,21,0,"1","410","D","1","D","01","D",21,"D",,"A",,"A",,"A",,"A",,"A",,"A",,"A",,"A",,"A"
"20111",2358532,22,0,"1","420","D","1","D","11","D",11,"D",,"A",,"A",,"A",,"A",,"A",,"A",,"A",,"A",,"A"
"20111",2358532,23,0,"1","420","D","1","D","12","D",11,"D",,"A",,"A",,"A",,"A",,"A",,"A",,"A",,"A",,"A"
"20111",2358532,24,0,"1","420","D","1","D","01","D",11,"D",,"A",,"A",,"A",,"A",,"A",,"A",,"A",,"A",,"A"
"20111",2359152,21,0,"1","410","D","1","D","11","D",30,"D",,"A",,"A",,"A",,"A",,"A",,"A",,"A",,"A",,"A"
"20111",2359152,22,0,"1","420","D","1","D","11","D",40,"D",,"A",,"A",,"A",,"A",,"A",,"A",,"A",,"A",,"A"
"20111",2360182,23,0,"1","400","D","1","D","11","D",9,"D",,"A",,"A",,"A",,"A",,"A",,"A",,"A",,"A",,"A"
"20111",2360332,19,0,"1","410","D","1","D","01","D",44,"D",,"A",,"A",,"A",,"A",,"A",,"A",,"A",,"A",,"A"
"20111",2360332,20,0,"1","400","D","1","D","01","D",24,"D",,"A",,"A",,"A",,"A",,"A",,"A",,"A",,"A",,"A"
"20111",2361192,23,0,"1","400","D","1","D","12","D",60,"D",,"A",,"A",,"A",,"A",,"A",,"A",,"A",,"A",,"A"
"20111",2361262,19,0,"1","420","D","1","D","01","D",1,"D",,"A",,"A",,"A",,"A",,"A",,"A",,"A",,"A",,"A"
"20111",2361422,17,0,"1","420","D","1","D","01","D",7,"D",,"A",,"A",,"A",,"A",,"A",,"A",,"A",,"A",,"A"
"20111",2361702,18,0,"1","410","D","1","D","01","D",20,"D",,"A",,"A",,"A",,"A",,"A",,"A",,"A",,"A",,"A"
"20111",2361842,22,0,"1","410","D","1","D","11","D",18,"D",,"A",,"A",,"A",,"A",,"A",,"A",,"A",,"A",,"A"
"20111",2362572,15,0,"2","400","D","1","D","11","D",13,"D",,"A",,"A",,"A",,"A",,"A",,"A",,"A",,"A",,"A"
"20111",2362802,15,0,"1","400","D","1","D","01","D",50,"D",,"A",,"A",,"A",,"A",,"A",,"A",,"A",,"A",,"A"
"20111",2363152,22,0,"1","410","D","1","D","12","D",110,"D",,"A",,"A",,"A",,"A",,"A",,"A",,"A",,"A",,"A"
"20111",2363812,19,0,"1","400","D","1","D","12","D",10,"D",,"A",,"A",,"A",,"A",,"A",,"A",,"A",,"A",,"A"
"20111",2364032,33,0,"1","400","D","1","D","01","D",22,"D",,"A",,"A",,"A",,"A",,"A",,"A",,"A",,"A",,"A"
"20111",2364032,34,0,"2","430","D","1","D","11","D",10,"D",,"A",,"A",,"A",,"A",,"A",,"A",,"A",,"A",,"A"
"20111",2364342,14,0,"2","410","D","1","D","11","D",22,"D",,"A",,"A",,"A",,"A",,"A",,"A",,"A",,"A",,"A"
"20111",2365052,16,0,"1","420","D","1","D","11","D",50,"D",,"A",,"A",,"A",,"A",,"A",,"A",,"A",,"A",,"A"
"20111",2365082,24,0,"1","420","D","1","D","12","D",1,"D",,"A",,"A",,"A",,"A",,"A",,"A",,"A",,"A",,"A"
"20111",2365322,17,0,"2","400","D","1","D","11","D",50,"D",,"A",,"A",,"A",,"A",,"A",,"A",,"A",,"A",,"A"
"20111",2365752,16,0,"1","410","D","1","D","01","D",300,"D",,"A",,"A",,"A",,"A",,"A",,"A",,"A",,"A",,"A"
"20111",2365782,16,0,"1","430","D","2","D","02","D",20,"D",,"A",,"A",,"A",,"A",,"A",,"A",,"A",,"A",,"A"
"20111",2365782,17,0,"1","400","D","2","D","02","D",30,"D",,"A",,"A",,"A",,"A",,"A",,"A",,"A",,"A",,"A"
"20111",2365782,18,0,"1","420","D","2","D","02","D",3,"D",,"A",,"A",,"A",,"A",,"A",,"A",,"A",,"A",,"A"
"20111",2365922,23,0,"1","400","D","1","D","12","D",55,"D",,"A",,"A",,"A",,"A",,"A",,"A",,"A",,"A",,"A"
"20111",2365922,24,0,"1","400","D","1","D","01","D",30,"D",,"A",,"A",,"A",,"A",,"A",,"A",,"A",,"A",,"A"
"20111",2366032,19,0,"1","400","D","2","D","02","D",30,"D",,"A",,"A",,"A",,"A",,"A",,"A",,"A",,"A",,"A"
"20111",2366032,20,0,"1","400","D","2","D","02","D",75,"D",,"A",,"A",,"A",,"A",,"A",,"A",,"A",,"A",,"A"
"20111",2366382,17,0,"2","410","D","1","D","12","D",32,"D",,"A",,"A",,"A",,"A",,"A",,"A",,"A",,"A",,"A"
"20111",2366482,14,0,"1","420","D","1","D","02","D",2,"D",,"A",,"A",,"A",,"A",,"A",,"A",,"A",,"A",,"A"
"20111",2366862,25,0,"2","430","D","2","D","12","D",30,"D",,"A",,"A",,"A",,"A",,"A",,"A",,"A",,"A",,"A"
"20111",2366912,19,0,"1","420","D","1","D","01","D",20,"D",,"A",,"A",,"A",,"A",,"A",,"A",,"A",,"A",,"A"
"20111",2366912,20,0,"1","420","D","1","D","12","D",15,"D",,"A",,"A",,"A",,"A",,"A",,"A",,"A",,"A",,"A"
"20111",2366912,21,0,"1","420","D","1","D","02","D",20,"D",,"A",,"A",,"A",,"A",,"A",,"A",,"A",,"A",,"A"
"20111",2367322,27,0,"1","430","D","2","D","12","D",10,"D",,"A",,"A",,"A",,"A",,"A",,"A",,"A",,"A",,"A"
"20111",2367775,34,0,"2","410","D","1","D","12","D",60,"D",,"A",,"A",,"A",,"A",,"A",,"A",,"A",,"A",,"A"
"20111",2367862,16,0,"1","400","D","1","D","01","D",50,"D",,"A",,"A",,"A",,"A",,"A",,"A",,"A",,"A",,"A"
"20111",2368222,17,0,"1","410","D","1","D","01","D",125,"D",,"A",,"A",,"A",,"A",,"A",,"A",,"A",,"A",,"A"
"20111",2368222,18,0,"1","420","D","1","D","01","D",10,"D",,"A",,"A",,"A",,"A",,"A",,"A",,"A",,"A",,"A"
"20111",2368302,13,0,"1","430","D","1","D","02","D",100,"D",,"A",,"A",,"A",,"A",,"A",,"A",,"A",,"A",,"A"
"20111",2368532,48,0,"1","420","D","1","D","01","D",11,"D",,"A",,"A",,"A",,"A",,"A",,"A",,"A",,"A",,"A"
"20111",2368532,49,0,"1","420","D","1","D","01","D",11,"D",,"A",,"A",,"A",,"A",,"A",,"A",,"A",,"A",,"A"
"20111",2368912,19,0,"1","410","D","1","D","12","D",253,"D",,"A",,"A",,"A",,"A",,"A",,"A",,"A",,"A",,"A"
"20111",2368912,20,0,"1","410","D","1","D","01","D",29,"D",,"A",,"A",,"A",,"A",,"A",,"A",,"A",,"A",,"A"
"20111",2368912,21,0,"1","410","D","1","D","02","D",184,"D",,"A",,"A",,"A",,"A",,"A",,"A",,"A",,"A",,"A"
"20111",2368932,19,0,"1","410","D","1","D","02","D",31,"D",,"A",,"A",,"A",,"A",,"A",,"A",,"A",,"A",,"A"
"20111",2368932,20,0,"1","410","D","1","D","12","D",15,"D",,"A",,"A",,"A",,"A",,"A",,"A",,"A",,"A",,"A"
"20111",2369162,16,0,"2","430","D","1","D","12","D",3,"D",,"A",,"A",,"A",,"A",,"A",,"A",,"A",,"A",,"A"
"20111",2369822,25,0,"1","430","D","1","D","01","D",13,"D",,"A",,"A",,"A",,"A",,"A",,"A",,"A",,"A",,"A"
"20111",2369822,26,0,"1","430","D","1","D","02","D",11,"D",,"A",,"A",,"A",,"A",,"A",,"A",,"A",,"A",,"A"
"20111",2369822,27,0,"2","410","D","1","D","12","D",43,"D",,"A",,"A",,"A",,"A",,"A",,"A",,"A",,"A",,"A"
"20111",2369842,18,0,"1","420","D","1","D","02","D",11,"D",,"A",,"A",,"A",,"A",,"A",,"A",,"A",,"A",,"A"
"20111",2370262,19,0,"1","400","D","2","D","02","D",107,"D",,"A",,"A",,"A",,"A",,"A",,"A",,"A",,"A",,"A"
"20111",2370262,20,0,"2","420","D","2","D","12","D",30,"D",,"A",,"A",,"A",,"A",,"A",,"A",,"A",,"A",,"A"
"20111",2370362,16,0,"1","400","D","1","D","02","D",100,"D",,"A",,"A",,"A",,"A",,"A",,"A",,"A",,"A",,"A"
"20111",2370512,15,0,"1","400","D","1","D","02","D",15,"D",,"A",,"A",,"A",,"A",,"A",,"A",,"A",,"A",,"A"
"20111",2370694,18,0,"1","400","D","2","D","12","D",174,"D",,"A",,"A",,"A",,"A",,"A",,"A",,"A",,"A",,"A"
"20111",2371392,14,0,"1","400","D","1","D","01","D",5,"D",,"A",,"A",,"A",,"A",,"A",,"A",,"A",,"A",,"A"
"20111",2371612,19,0,"1","420","D","2","D","01","D",50,"D",,"A",,"A",,"A",,"A",,"A",,"A",,"A",,"A",,"A"
"20111",2371612,20,0,"1","420","D","1","D","01","D",15,"D",,"A",,"A",,"A",,"A",,"A",,"A",,"A",,"A",,"A"
"20111",2371612,21,0,"1","420","D","2","D","01","D",120,"D",,"A",,"A",,"A",,"A",,"A",,"A",,"A",,"A",,"A"
"20111",2371682,14,0,"1","400","D","1","D","12","D",27,"D",,"A",,"A",,"A",,"A",,"A",,"A",,"A",,"A",,"A"
"20111",2371992,24,0,"1","400","D","1","D","12","D",48,"D",,"A",,"A",,"A",,"A",,"A",,"A",,"A",,"A",,"A"
"20111",2371992,25,0,"1","400","D","1","D","01","D",153,"D",,"A",,"A",,"A",,"A",,"A",,"A",,"A",,"A",,"A"
"20111",2371992,26,0,"1","400","D","1","D","02","D",20,"D",,"A",,"A",,"A",,"A",,"A",,"A",,"A",,"A",,"A"
"20111",2372072,13,0,"1","410","D","1","D","01","D",150,"D",,"A",,"A",,"A",,"A",,"A",,"A",,"A",,"A",,"A"
"20111",2372652,14,0,"1","400","D","1","D","12","D",67,"D",,"A",,"A",,"A",,"A",,"A",,"A",,"A",,"A",,"A"
"20111",2372652,15,0,"1","420","D","1","D","01","D",36,"D",,"A",,"A",,"A",,"A",,"A",,"A",,"A",,"A",,"A"
"20111",2373242,27,0,"1","400","D","1","D","01","D",108,"D",,"A",,"A",,"A",,"A",,"A",,"A",,"A",,"A",,"A"
"20111",2373892,13,0,"1","400","D","1","D","12","D",11,"D",,"A",,"A",,"A",,"A",,"A",,"A",,"A",,"A",,"A"
"20111",2374212,18,0,"1","400","D","1","D","02","D",22,"D",,"A",,"A",,"A",,"A",,"A",,"A",,"A",,"A",,"A"
"20111",2374632,21,0,"1","400","D","1","D","01","D",4,"D",,"A",,"A",,"A",,"A",,"A",,"A",,"A",,"A",,"A"
"20111",2375352,15,0,"1","410","D","1","D","02","D",35,"D",,"A",,"A",,"A",,"A",,"A",,"A",,"A",,"A",,"A"
"20111",2375562,38,0,"2","410","D","1","D","12","D",15,"F",,"A",,"A",,"A",,"A",,"A",,"A",,"A",,"A",,"A"
"20111",2376082,19,0,"1","420","D","1","D","02","D",5,"D",,"A",,"A",,"A",,"A",,"A",,"A",,"A",,"A",,"A"
"20111",2376402,15,0,"1","410","D","1","D","12","D",25,"D",,"A",,"A",,"A",,"A",,"A",,"A",,"A",,"A",,"A"
"20111",2376402,16,0,"1","410","D","1","D","02","D",25,"D",,"A",,"A",,"A",,"A",,"A",,"A",,"A",,"A",,"A"
"20111",2389063,23,0,"1","420","D","1","D","11","D",20,"D",,"A",,"A",,"A",,"A",,"A",,"A",,"A",,"A",,"A"
"20111",2393444,21,0,"1","400","D","1","D","01","D",29,"D",,"A",,"A",,"A",,"A",,"A",,"A",,"A",,"A",,"A"
"20111",2397763,26,0,"1","400","D","1","D","12","D",21,"D",,"A",,"A",,"A",,"A",,"A",,"A",,"A",,"A",,"A"
"20111",2397763,27,0,"1","400","D","2","D","12","D",21,"D",,"A",,"A",,"A",,"A",,"A",,"A",,"A",,"A",,"A"
"20111",2399743,24,0,"1","400","D","1","D","01","D",59,"D",,"A",,"A",,"A",,"A",,"A",,"A",,"A",,"A",,"A"
"20111",2400633,23,0,"1","420","D","1","D","02","D",6,"D",,"A",,"A",,"A",,"A",,"A",,"A",,"A",,"A",,"A"
"20111",2404213,21,0,"1","400","D","1","D","02","D",10,"D",,"A",,"A",,"A",,"A",,"A",,"A",,"A",,"A",,"A"
"20111",2407124,14,0,"1","400","D","1","D","12","D",60,"D",,"A",,"A",,"A",,"A",,"A",,"A",,"A",,"A",,"A"
