"NEWID","MEMBNO","PYMT2009","HWUSED09","QSTIMPYX","PYMT_009","HWUS_D09","QSTI_PYX"
1982624,1,"1","1",250,"D","D","D"
1985554,1,"1","2",250,"D","D","D"
1990694,2,"1","2",250,"D","D","D"
1994934,1,"1","1",250,"D","D","D"
1994934,2,"1","2",250,"D","D","D"
1984414,1,"1","3",250,"D","D","D"
1975724,1,"1","3",250,"D","D","D"
1978834,1,"1","3",250,"D","D","D"
1978834,2,"1","1",250,"D","D","D"
1977144,1,"1","3",250,"D","D","D"
1979974,1,"1","2",250,"D","D","D"
1979974,2,"1","2",250,"D","D","D"
2016244,1,,,.,"C","A","A"
1996164,1,"2",,.,"D","A","A"
1977994,5,"1","1",250,"D","D","D"
1980864,1,"1","1",250,"D","D","D"
1996113,3,"2",,.,"D","A","A"
2017683,1,"2",,.,"D","A","A"
2010953,1,"1","2",250,"D","D","D"
2011253,1,"1","2",250,"D","D","D"
2011253,2,"1","2",250,"D","D","D"
2013703,2,"1","1",250,"D","D","D"
2017523,1,"1","3",250,"D","D","D"
2016213,1,"2",,.,"D","A","A"
2015743,2,"1","1",250,"D","D","D"
1996933,1,"1","1",250,"D","D","D"
1996933,2,"1","1",250,"D","D","D"
2001003,1,"1","3",250,"D","D","D"
2017463,1,"1","1",250,"D","D","D"
2017463,2,"1","1",250,"D","D","D"
2003023,1,"2",,.,"D","A","A"
2003023,2,"1","1",250,"D","D","D"
1999473,1,"1","1",250,"D","D","D"
1999473,2,"1","1",250,"D","D","D"
1981794,1,"1","1",250,"D","D","D"
1981794,2,"1","1",250,"D","D","D"
1980124,1,"1","3",250,"D","D","D"
1975254,1,"1","3",250,"D","D","D"
1986624,1,"1","3",250,"D","D","D"
1989154,1,"1","1",250,"D","D","D"
1989154,2,"1","1",250,"D","D","D"
1976214,1,"1","3",250,"D","D","D"
1992724,1,"1","3",250,"D","D","D"
1975924,1,"1","2",250,"D","D","D"
1984154,1,"1","1",250,"D","D","D"
2005894,1,"1","1",250,"D","D","D"
1980314,2,"1","3",250,"D","D","D"
2002853,1,"1","2",250,"D","D","D"
2008993,1,"1","2",250,"D","D","D"
2001963,2,"2",,.,"D","A","A"
2006143,1,"1","3",250,"D","D","D"
2008543,1,"1","1",250,"D","D","D"
2008543,2,"1","1",250,"D","D","D"
2016893,1,"1","3",250,"D","D","D"
2001093,1,"1","1",250,"D","D","D"
2007623,1,"1","3",250,"D","D","D"
2007623,2,"1","3",250,"D","D","D"
2003493,1,"1","3",250,"D","D","D"
1999963,2,"1","3",250,"D","D","D"
1984334,1,"1","3",250,"D","D","D"
1991094,1,"2",,.,"D","A","A"
1991684,1,"1","3",250,"D","D","D"
1981834,1,"1","3",250,"D","D","D"
1993984,1,"1","1",250,"D","D","D"
1993984,2,"1","1",250,"D","D","D"
2010293,1,,,.,"C","A","A"
2010293,2,,,.,"C","A","A"
1995713,1,"1","3",250,"D","D","D"
2007703,1,"1","2",250,"D","D","D"
2007703,2,"1","1",250,"D","D","D"
2008573,1,"1","2",250,"D","D","D"
2007973,1,"1","1",250,"D","D","D"
2007973,2,"1","1",250,"D","D","D"
2000993,1,"1","2",250,"D","D","D"
1996153,1,,,.,"C","A","A"
1996153,2,"2",,.,"D","A","A"
2004343,1,"1","3",250,"D","D","D"
2015883,1,"1","3",250,"D","D","D"
1991044,1,"2",,.,"D","A","A"
1983804,1,"2",,.,"D","A","A"
1983804,2,"2",,.,"D","A","A"
1990564,1,"1","1",250,"D","D","D"
1985004,1,"1","1",250,"D","D","D"
1992034,1,"1","2",250,"D","D","D"
1974034,1,"1","1",250,"D","D","D"
1976034,1,"1","3",250,"D","D","D"
1994704,1,"1","2",250,"D","D","D"
1974704,1,"1","1",250,"D","D","D"
1974704,2,"1","1",250,"D","D","D"
1991944,1,"1","2",250,"D","D","D"
1991944,2,"1","2",250,"D","D","D"
2012553,1,"1","1",250,"D","D","D"
2011573,1,"1","3",250,"D","D","D"
2008063,1,"2",,.,"D","A","A"
2012583,1,"1","2",250,"D","D","D"
2001063,1,"1","3",250,"D","D","D"
2009883,1,"1","3",250,"D","D","D"
1996703,1,"1","1",250,"D","D","D"
2010883,5,"1","3",250,"D","D","D"
2005343,4,,,.,"C","A","A"
2011173,1,"1","3",250,"D","D","D"
2007333,1,"1","1",250,"D","D","D"
2007333,4,"1","1",250,"D","D","D"
1986084,1,"1","3",250,"D","D","D"
1986084,2,"1","3",250,"D","D","D"
1986734,4,"1","3",250,"D","D","D"
1985234,1,"1","2",250,"D","D","D"
1991584,1,"2",,.,"D","A","A"
1994324,1,"1","1",250,"D","D","D"
1994324,2,"1","1",250,"D","D","D"
1973554,5,"1","2",250,"D","D","D"
1973554,6,"1","2",250,"D","D","D"
1991864,1,"1","1",250,"D","D","D"
1977054,1,"1","1",250,"D","D","D"
1979194,1,"1","1",250,"D","D","D"
1995164,4,"1","1",250,"D","D","D"
2013023,1,"2",,.,"D","A","A"
2005553,2,"1","2",250,"D","D","D"
2012293,1,"1","3",250,"D","D","D"
2012293,2,"1","3",250,"D","D","D"
2001613,1,"1","3",250,"D","D","D"
2001613,2,"1","1",250,"D","D","D"
2001613,3,"1","1",250,"D","D","D"
2011043,1,"1","1",250,"D","D","D"
2011043,2,,,.,"C","A","A"
1996453,1,"1","1",250,"D","D","D"
2011183,1,"1","3",250,"D","D","D"
2010913,1,,,.,"C","A","A"
1995703,2,"1","2",250,"D","D","D"
2011133,1,"1","1",250,"D","D","D"
2008973,2,"1","3",250,"D","D","D"
2004363,1,"1","1",250,"D","D","D"
2016823,1,"2",,.,"D","A","A"
2015663,1,"2",,.,"D","A","A"
2015663,2,"2",,.,"D","A","A"
1988124,1,"1","1",250,"D","D","D"
1988124,2,"1","1",250,"D","D","D"
1991334,1,"1","1",250,"D","D","D"
1991334,2,"1","1",250,"D","D","D"
1978294,3,"1","3",250,"D","D","D"
1993864,1,"2",,.,"D","A","A"
1993864,2,"2",,.,"D","A","A"
1983654,4,"1","2",250,"D","D","D"
1990534,1,"2",,.,"D","A","A"
1994104,1,"1","2",250,"D","D","D"
1994104,2,"1","2",250,"D","D","D"
1976434,1,"2",,.,"D","A","A"
1989564,2,"2",,.,"D","A","A"
1990764,3,"1","3",250,"D","D","D"
1983734,1,"2",,.,"D","A","A"
2000733,1,"2",,.,"D","A","A"
2010683,1,"1","2",250,"D","D","D"
2010683,2,"1","2",250,"D","D","D"
1998013,1,"1","1",250,"D","D","D"
2011193,1,"1","2",250,"D","D","D"
2011193,2,"1","2",250,"D","D","D"
2002953,2,"2",,.,"D","A","A"
2003453,1,"1","3",250,"D","D","D"
1996243,1,"2",,.,"D","A","A"
2005843,1,"1","1",250,"D","D","D"
2015053,1,"1","3",250,"D","D","D"
2015053,2,"1","3",250,"D","D","D"
2009553,2,"1","1",250,"D","D","D"
2014923,2,"1","2",250,"D","D","D"
2000923,1,"1","2",250,"D","D","D"
2005474,1,"1","1",250,"D","D","D"
1979814,1,"1","2",250,"D","D","D"
1983214,1,"2",,.,"D","A","A"
1985994,1,"1","2",250,"D","D","D"
1975284,2,"1","2",250,"D","D","D"
1977574,1,,,.,"C","A","A"
1977574,2,,,.,"C","A","A"
1986814,1,"1","3",250,"D","D","D"
1978944,1,"1","2",250,"D","D","D"
2012804,1,"1","3",250,"D","D","D"
1980224,1,"1",,250,"D","C","D"
1973484,1,"1","3",250,"D","D","D"
1992374,3,"1","2",250,"D","D","D"
1973944,1,"1","3",250,"D","D","D"
1973944,2,"1","3",250,"D","D","D"
1982324,2,"1","1",250,"D","D","D"
1988054,1,"1","1",250,"D","D","D"
1988054,2,"1","1",250,"D","D","D"
1975984,1,"1","2",250,"D","D","D"
1988134,2,"1","2",250,"D","D","D"
1976524,1,"1",,250,"D","C","D"
1982974,1,"1","3",250,"D","D","D"
1982974,2,"2",,.,"D","A","A"
1985314,1,"2",,.,"D","A","A"
2008433,1,"1","2",250,"D","D","D"
2008433,2,"1","2",250,"D","D","D"
2002943,1,"1","3",250,"D","D","D"
2015433,1,"1","1",250,"D","D","D"
2011273,5,"2",,.,"D","A","A"
2009453,4,"2",,.,"D","A","A"
2007443,1,"1","2",250,"D","D","D"
1995883,1,"1","3",250,"D","D","D"
2016403,1,"2",,.,"D","A","A"
2016403,2,"2",,.,"D","A","A"
1999793,1,"1","1",250,"D","D","D"
1999793,2,"1","1",250,"D","D","D"
1999793,3,"1","2",250,"D","D","D"
1995773,2,"1","3",250,"D","D","D"
1999363,1,"2",,.,"D","A","A"
2000833,1,"1","1",250,"D","D","D"
2006593,1,"1","2",250,"D","D","D"
2013863,3,"1","2",250,"D","D","D"
2001383,1,"2",,.,"D","A","A"
2017263,2,"2",,.,"D","A","A"
2010383,1,"1","2",250,"D","D","D"
2004053,1,"1","1",250,"D","D","D"
1997223,1,"1","3",250,"D","D","D"
1983094,1,"1","1",250,"D","D","D"
1983094,2,"1","1",250,"D","D","D"
1981534,2,"1","2",250,"D","D","D"
1975434,1,"1","1",250,"D","D","D"
1975434,2,"1","1",250,"D","D","D"
1980724,1,"1","1",250,"D","D","D"
1983664,1,"2",,.,"D","A","A"
1982294,1,"1","1",250,"D","D","D"
1973724,1,"1","3",250,"D","D","D"
1977064,1,"1",,250,"D","C","D"
1977064,2,"1",,250,"D","C","D"
1993634,1,"1","2",250,"D","D","D"
1994654,1,"2",,.,"D","A","A"
1975934,1,,,.,"C","A","A"
1985854,1,"1","1",250,"D","D","D"
1981034,2,"1","1",250,"D","D","D"
1995793,1,"2",,.,"D","A","A"
2003583,2,"1","3",250,"D","D","D"
2012003,1,"1","3",250,"D","D","D"
1997923,1,"1","3",250,"D","D","D"
1997923,2,"1","3",250,"D","D","D"
1997403,1,"1","2",250,"D","D","D"
2001433,1,"1","3",250,"D","D","D"
2001433,2,"1","2",250,"D","D","D"
2011643,1,,,.,"C","A","A"
2011643,2,,,.,"C","A","A"
1996623,1,"2",,.,"D","A","A"
2010333,6,"1","3",250,"D","D","D"
2016533,2,"2",,.,"D","A","A"
2010863,1,"1","3",250,"D","D","D"
2010863,2,"1","1",250,"D","D","D"
2010163,1,"1","3",250,"D","D","D"
2006313,1,"2",,.,"D","A","A"
2007074,1,"1","3",250,"D","D","D"
1989844,1,"1","3",250,"D","D","D"
1977624,1,"1","3",250,"D","D","D"
1977624,2,"1","3",250,"D","D","D"
1981464,1,"1","3",250,"D","D","D"
1981464,2,"2",,.,"D","A","A"
1977384,1,"2",,.,"D","A","A"
2003903,1,"1","1",250,"D","D","D"
2007563,1,"1","2",250,"D","D","D"
2007563,2,"1","2",250,"D","D","D"
1997243,1,"1","1",250,"D","D","D"
1997243,2,"1","1",250,"D","D","D"
2010663,1,"1","2",250,"D","D","D"
2010663,2,"1","2",250,"D","D","D"
2001203,1,"1","1",250,"D","D","D"
2001203,2,"1","1",250,"D","D","D"
2011383,2,"1","3",250,"D","D","D"
2011383,3,"1","2",250,"D","D","D"
2003663,1,"1","3",250,"D","D","D"
2016023,1,"1","3",250,"D","D","D"
2002193,2,"1","2",250,"D","D","D"
1987654,1,"1","2",250,"D","D","D"
1987654,2,"1","3",250,"D","D","D"
1991714,1,"1","1",250,"D","D","D"
1999564,1,"2",,.,"D","A","A"
1974204,2,"1","3",250,"D","D","D"
1987394,1,"1","3",250,"D","D","D"
1978524,1,"1","3",250,"D","D","D"
2008584,1,,,.,"C","A","A"
2008584,2,,,.,"C","A","A"
2003163,1,"2",,.,"D","A","A"
2000203,1,"1","1",250,"D","D","D"
2000203,2,"1","1",250,"D","D","D"
1995783,1,"2",,.,"D","A","A"
2009303,1,"1","3",250,"D","D","D"
2003733,1,"2",,.,"D","A","A"
1979324,2,"1","1",250,"D","D","D"
1991754,1,"1","3",250,"D","D","D"
1991754,3,"1","1",250,"D","D","D"
1981364,1,"1","1",250,"D","D","D"
1981364,2,"1","1",250,"D","D","D"
1986944,1,"1","1",250,"D","D","D"
2006083,1,"1","1",250,"D","D","D"
2000263,1,"1","3",250,"D","D","D"
2006363,1,"1","1",250,"D","D","D"
2006363,2,"1","1",250,"D","D","D"
2010693,1,"1","2",250,"D","D","D"
2001824,1,"2",,.,"D","A","A"
1994584,1,"2",,.,"D","A","A"
1987204,1,"2",,.,"D","A","A"
2015163,2,"1","3",250,"D","D","D"
1998723,1,"1","1",250,"D","D","D"
2006043,1,"1","1",250,"D","D","D"
2017473,1,"1","1",250,"D","D","D"
2017473,3,"1","1",250,"D","D","D"
2010433,1,"1","1",250,"D","D","D"
2001453,1,"1","3",250,"D","D","D"
1995893,2,"1","2",250,"D","D","D"
1998083,1,"1","1",250,"D","D","D"
1998083,2,"2",,.,"D","A","A"
1978814,1,"1","2",250,"D","D","D"
1978814,2,"1","2",250,"D","D","D"
1978104,1,"2",,.,"D","A","A"
1982404,1,"2",,.,"D","A","A"
2017093,1,"1","2",250,"D","D","D"
2000383,1,"1","2",250,"D","D","D"
1998743,2,"1","3",250,"D","D","D"
2000134,5,"2",,.,"D","A","A"
2008874,1,"1","3",250,"D","D","D"
1975054,2,"1","3",250,"D","D","D"
1982044,1,"1","1",250,"D","D","D"
1978424,4,"1","1",250,"D","D","D"
1987454,3,"2",,.,"D","A","A"
2013103,1,"1",,250,"D","C","D"
1998713,1,"1","2",250,"D","D","D"
1998713,2,"1","2",250,"D","D","D"
2001123,2,"2",,.,"D","A","A"
1989644,1,"2",,.,"D","A","A"
1978394,1,"1","3",250,"D","D","D"
1992854,1,"1","3",250,"D","D","D"
1992854,2,"1","3",250,"D","D","D"
2017653,1,"1","1",250,"D","D","D"
2017653,2,"1","1",250,"D","D","D"
2008843,1,"1","1",250,"D","D","D"
2005693,1,"1","1",250,"D","D","D"
1995963,1,"1","1",250,"D","D","D"
2007913,1,"1","3",250,"D","D","D"
1984144,1,"1","3",250,"D","D","D"
1988664,1,,,.,"C","A","A"
1986754,1,"1","1",250,"D","D","D"
1986754,2,"1","1",250,"D","D","D"
1980574,1,"1","3",250,"D","D","D"
1980574,2,"1","3",250,"D","D","D"
2013993,1,"1","1",250,"D","D","D"
2013993,4,"1","1",250,"D","D","D"
2013073,1,"1","3",250,"D","D","D"
2011553,1,"2",,.,"D","A","A"
2011553,2,"1","3",250,"D","D","D"
2003543,1,"2",,.,"D","A","A"
2005503,1,"2",,.,"D","A","A"
1977414,1,"1","3",250,"D","D","D"
1977414,2,"1","3",250,"D","D","D"
1988094,1,"1","3",250,"D","D","D"
1992714,1,"2",,.,"D","A","A"
1980984,1,"1","3",250,"D","D","D"
1980984,2,"1","3",250,"D","D","D"
1981884,1,"1","1",250,"D","D","D"
1979754,1,"1","3",250,"D","D","D"
2016623,3,"1","3",250,"D","D","D"
1997513,2,"2",,.,"D","A","A"
2000173,2,"1","3",250,"D","D","D"
2013803,1,"2",,.,"D","A","A"
2013803,2,"1","3",250,"D","D","D"
1995603,1,"2",,.,"D","A","A"
1995603,2,"2",,.,"D","A","A"
2014283,1,"1","1",250,"D","D","D"
2015803,1,"2",,.,"D","A","A"
1978934,1,"1","3",250,"D","D","D"
1993174,1,"1","2",250,"D","D","D"
1990684,2,"1","1",250,"D","D","D"
1981504,1,"1","2",250,"D","D","D"
1981504,2,"1","2",250,"D","D","D"
1991384,1,"1","3",250,"D","D","D"
1991384,3,"1","3",250,"D","D","D"
2013813,1,"1","1",250,"D","D","D"
2004743,2,"1","1",250,"D","D","D"
2016193,1,"1","3",250,"D","D","D"
1991024,1,"1","1",250,"D","D","D"
1983164,1,"1","1",250,"D","D","D"
1978734,1,"1","3",250,"D","D","D"
1977224,3,"1","1",250,"D","D","D"
1975684,2,"1","3",250,"D","D","D"
1983274,1,"1","1",250,"D","D","D"
1976904,2,"1","1",250,"D","D","D"
1995474,1,"1","2",250,"D","D","D"
1978224,1,"1","1",250,"D","D","D"
1978224,2,"1","1",250,"D","D","D"
1986274,7,"1","1",250,"D","D","D"
1974234,1,"1","1",250,"D","D","D"
2007654,1,"1","1",250,"D","D","D"
2007654,2,"1","3",250,"D","D","D"
1980784,1,"1","2",250,"D","D","D"
1980784,2,"1","2",250,"D","D","D"
1990544,1,"1","1",250,"D","D","D"
1990544,2,"2",,.,"D","A","A"
1982184,1,"1","2",250,"D","D","D"
1983084,2,"1","1",250,"D","D","D"
1978464,1,"1","2",250,"D","D","D"
1978464,2,"1","2",250,"D","D","D"
2015873,1,"1","2",250,"D","D","D"
2015873,2,"1","2",250,"D","D","D"
2004553,1,"1","3",250,"D","D","D"
2004553,2,"1","3",250,"D","D","D"
2015723,2,"1","1",250,"D","D","D"
2001223,1,"1","3",250,"D","D","D"
2001163,1,"1","1",250,"D","D","D"
1997283,1,"1",,250,"D","C","D"
2013573,1,"1","3",250,"D","D","D"
2003333,1,"1","2",250,"D","D","D"
2003333,2,"1","2",250,"D","D","D"
1997053,1,,,.,"C","A","A"
1997023,2,,,.,"C","A","A"
2014033,2,"2",,.,"D","A","A"
2007033,1,"2",,.,"D","A","A"
2009423,1,"2",,.,"D","A","A"
2002233,1,"1","3",250,"D","D","D"
2005453,5,"1","2",250,"D","D","D"
2000223,1,"2",,.,"D","A","A"
2000223,2,"2",,.,"D","A","A"
1982014,1,"1","1",250,"D","D","D"
1982234,1,"1","2",250,"D","D","D"
1974754,1,"1","1",250,"D","D","D"
1980154,2,"1","1",250,"D","D","D"
2003964,1,"1","1",250,"D","D","D"
1982424,1,"1","3",250,"D","D","D"
1982424,3,"2",,.,"D","A","A"
2005713,1,"2",,.,"D","A","A"
1996953,1,"1","3",250,"D","D","D"
1996953,2,"1","1",250,"D","D","D"
2001273,1,"1","1",250,"D","D","D"
2001273,2,"2",,.,"D","A","A"
2010983,1,"1","1",250,"D","D","D"
2016293,1,"2",,.,"D","A","A"
2014203,1,"1","2",250,"D","D","D"
1979204,1,"1","3",250,"D","D","D"
1979204,2,"1","3",250,"D","D","D"
1980774,1,"2",,.,"D","A","A"
1987934,1,"1","3",250,"D","D","D"
1981094,1,"1","2",250,"D","D","D"
1981804,1,,,.,"C","A","A"
1981804,2,,,.,"C","A","A"
1985464,3,"1","1",250,"D","D","D"
1985464,4,"2",,.,"D","A","A"
1989674,1,"1","3",250,"D","D","D"
1993314,1,"2",,.,"D","A","A"
1973344,3,"1","1",250,"D","D","D"
1995024,1,"2",,.,"D","A","A"
1981744,1,"1",,250,"D","C","D"
1988784,2,"1","1",250,"D","D","D"
2017903,1,"1","1",250,"D","D","D"
2017903,2,"2",,.,"D","A","A"
2004463,1,"2",,.,"D","A","A"
1998103,1,"1","1",250,"D","D","D"
1998103,2,"1","1",250,"D","D","D"
1997093,2,"2",,.,"D","A","A"
2015193,3,"2",,.,"D","A","A"
2008023,1,"1","1",250,"D","D","D"
2015113,1,"2",,.,"D","A","A"
2006263,1,"1",,250,"D","C","D"
1979474,1,"1","3",250,"D","D","D"
1979474,2,"1","3",250,"D","D","D"
1987514,2,"2",,.,"D","A","A"
1992354,1,"1","3",250,"D","D","D"
1994854,4,"1","3",250,"D","D","D"
1980454,1,"1","1",250,"D","D","D"
2009464,1,"1","3",250,"D","D","D"
2009464,2,"1","3",250,"D","D","D"
1994604,1,"1","2",250,"D","D","D"
1997873,6,"1","2",250,"D","D","D"
2015733,1,"1","1",250,"D","D","D"
2015733,2,"1","1",250,"D","D","D"
2006333,1,"1","2",250,"D","D","D"
2012303,1,"1","1",250,"D","D","D"
2008663,1,"1","2",250,"D","D","D"
2014253,1,"1","3",250,"D","D","D"
1996523,1,"1","2",250,"D","D","D"
1996523,2,"1","1",250,"D","D","D"
1996523,3,"1","1",250,"D","D","D"
1991914,2,"1","3",250,"D","D","D"
1976204,1,"1","2",250,"D","D","D"
1994834,1,,,.,"C","A","A"
2007403,1,"1","2",250,"D","D","D"
2007403,2,"2",,.,"D","A","A"
2013853,1,"1","3",250,"D","D","D"
2001293,1,"1","3",250,"D","D","D"
2007323,1,"2",,.,"D","A","A"
1983964,1,"1","2",250,"D","D","D"
1985444,1,"1","2",250,"D","D","D"
1985444,2,"1","2",250,"D","D","D"
1976484,1,"2",,.,"D","A","A"
1995354,1,"1","3",250,"D","D","D"
2002653,1,,,.,"C","A","A"
2002653,2,,,.,"C","A","A"
1996573,1,"1","1",250,"D","D","D"
1984944,1,"1","2",250,"D","D","D"
1984944,2,"1","2",250,"D","D","D"
1984944,3,"2",,.,"D","A","A"
2011024,1,"1","1",250,"D","D","D"
1995224,1,"1","1",250,"D","D","D"
1978704,1,"1","2",250,"D","D","D"
1974144,3,,,.,"C","A","A"
1974144,4,,,.,"C","A","A"
1974634,1,"1","2",250,"D","D","D"
2013293,2,"1","1",250,"D","D","D"
2016603,1,"1","2",250,"D","D","D"
2016603,2,"1","2",250,"D","D","D"
2013603,2,"1","1",250,"D","D","D"
2009773,1,"1","1",250,"D","D","D"
2016713,1,"1","1",250,"D","D","D"
2004153,3,"1","1",250,"D","D","D"
2014753,1,"1","3",250,"D","D","D"
2011923,1,"1","1",250,"D","D","D"
2005213,1,"2",,.,"D","A","A"
1984244,2,"1","2",250,"D","D","D"
1997884,2,"1","2",250,"D","D","D"
2011204,1,"1","1",250,"D","D","D"
1981754,1,"1","1",250,"D","D","D"
1985504,1,"2",,.,"D","A","A"
1986974,1,"1","1",250,"D","D","D"
1986974,2,"1","1",250,"D","D","D"
2007233,1,"1","3",250,"D","D","D"
2003193,1,"1","2",250,"D","D","D"
2011793,1,"2",,.,"D","A","A"
2011793,3,,,.,"C","A","A"
2007003,1,"1","2",250,"D","D","D"
2007003,2,"1","2",250,"D","D","D"
2004633,1,"2",,.,"D","A","A"
1983864,1,"1","3",250,"D","D","D"
2011263,1,,,.,"C","A","A"
2000403,1,"1","3",250,"D","D","D"
2000043,1,"1","2",250,"D","D","D"
2004833,1,"1","1",250,"D","D","D"
2004833,2,"1","1",250,"D","D","D"
1997983,1,"1","1",250,"D","D","D"
1994944,1,"1","1",250,"D","D","D"
1987894,1,"1","2",250,"D","D","D"
1987894,2,"1","2",250,"D","D","D"
2007453,1,"1","3",250,"D","D","D"
2013303,1,"1","1",250,"D","D","D"
2013303,2,"1","1",250,"D","D","D"
2008743,1,"1","3",250,"D","D","D"
2008743,2,"1","2",250,"D","D","D"
2001583,1,"1","2",250,"D","D","D"
2000054,1,"2",,.,"D","A","A"
1991284,1,"1","2",250,"D","D","D"
1992164,1,"1","3",250,"D","D","D"
1975834,1,"1","1",250,"D","D","D"
1982514,1,"1","3",250,"D","D","D"
1987354,1,"1","3",250,"D","D","D"
1993194,1,"1","2",250,"D","D","D"
1978514,1,"1","1",250,"D","D","D"
1997563,1,"1","3",250,"D","D","D"
1997563,2,"1","3",250,"D","D","D"
2005613,1,"1","3",250,"D","D","D"
2005613,2,"1","3",250,"D","D","D"
2009623,1,"2",,.,"D","A","A"
2008423,1,"1",,250,"D","C","D"
2016323,1,"1","1",250,"D","D","D"
2016323,2,"1","3",250,"D","D","D"
2007793,1,"1","3",250,"D","D","D"
2003913,1,"2",,.,"D","A","A"
1997603,1,"1","1",250,"D","D","D"
1997603,2,"1","1",250,"D","D","D"
2002903,1,"1","1",250,"D","D","D"
1992564,1,"1","2",250,"D","D","D"
1992564,2,"1","2",250,"D","D","D"
1974054,1,"1","2",250,"D","D","D"
1995304,1,"2",,.,"D","A","A"
2012623,1,"1","3",250,"D","D","D"
2003703,1,"1","2",250,"D","D","D"
2003703,2,"1","2",250,"D","D","D"
1992254,1,"1","3",250,"D","D","D"
1994714,1,"1","1",250,"D","D","D"
1994714,2,"1","1",250,"D","D","D"
1973414,1,"1","1",250,"D","D","D"
1991394,1,"1","2",250,"D","D","D"
1985984,1,"1","1",250,"D","D","D"
1990664,1,"1","1",250,"D","D","D"
1990664,2,"1","1",250,"D","D","D"
2009653,1,"2",,.,"D","A","A"
2013183,1,"1","3",250,"D","D","D"
1999113,1,"1","3",250,"D","D","D"
2009833,1,"1","1",250,"D","D","D"
2009833,2,"1","1",250,"D","D","D"
2005193,2,"1","2",250,"D","D","D"
2007143,1,"1","1",250,"D","D","D"
2007143,2,"1","1",250,"D","D","D"
1997853,1,"1","1",250,"D","D","D"
1997853,2,"1","1",250,"D","D","D"
1996833,1,"1","1",250,"D","D","D"
2016133,1,"1","1",250,"D","D","D"
2016133,2,"1","1",250,"D","D","D"
2013543,1,"1","3",250,"D","D","D"
1976504,3,,,.,"C","A","A"
1978884,3,"1","2",250,"D","D","D"
1993104,1,"1","1",250,"D","D","D"
1989174,4,,,.,"C","A","A"
2001354,1,"1","1",250,"D","D","D"
2001354,2,"1","1",250,"D","D","D"
1997163,1,"1","1",250,"D","D","D"
1997313,1,"1","2",250,"D","D","D"
2011803,1,"1","2",250,"D","D","D"
2007153,1,"1","3",250,"D","D","D"
1999523,1,,,.,"C","A","A"
1999523,2,,,.,"C","A","A"
2005433,1,"1","3",250,"D","D","D"
2010363,1,"1","1",250,"D","D","D"
2014073,1,"1","2",250,"D","D","D"
2014073,2,"1","2",250,"D","D","D"
1990244,1,"2",,.,"D","A","A"
1993564,1,"1","2",250,"D","D","D"
2007123,1,"2",,.,"D","A","A"
2005773,1,"2",,.,"D","A","A"
1977014,1,"1","2",250,"D","D","D"
1977014,2,"1","2",250,"D","D","D"
1984114,1,"1","3",250,"D","D","D"
1991544,1,"2",,.,"D","A","A"
1987374,1,"1","3",250,"D","D","D"
1990264,1,"1","1",250,"D","D","D"
1990264,2,"1","1",250,"D","D","D"
1991484,1,"2",,.,"D","A","A"
1985714,2,"1","3",250,"D","D","D"
2013763,1,"1","1",250,"D","D","D"
2012274,1,"1","2",250,"D","D","D"
1975334,1,,,.,"C","A","A"
1975334,2,,,.,"C","A","A"
1973324,1,,,.,"C","A","A"
1973324,2,,,.,"C","A","A"
2000323,1,,,.,"C","A","A"
1994294,1,"1","3",250,"D","D","D"
1994294,2,"1","1",250,"D","D","D"
1977784,1,"1","3",250,"D","D","D"
1986574,1,"1","3",250,"D","D","D"
1986574,2,"1","3",250,"D","D","D"
2013003,1,"1","1",250,"D","D","D"
2001183,1,"1","1",250,"D","D","D"
2013123,1,"1","1",250,"D","D","D"
2006093,3,"1","3",250,"D","D","D"
2003823,1,"1","3",250,"D","D","D"
2003823,2,"1","3",250,"D","D","D"
1990454,1,"1","1",250,"D","D","D"
1990454,2,"2",,.,"D","A","A"
1975094,2,"1","1",250,"D","D","D"
1986214,1,"1","1",250,"D","D","D"
1986214,2,"1","1",250,"D","D","D"
1994164,1,"1","1",250,"D","D","D"
2014913,1,"1","1",250,"D","D","D"
2014913,2,"1","1",250,"D","D","D"
2007523,2,"1","3",250,"D","D","D"
2014533,1,"1","1",250,"D","D","D"
2003203,2,"1","1",250,"D","D","D"
2014673,1,"1","1",250,"D","D","D"
2014673,2,"1","2",250,"D","D","D"
2002923,4,"1","1",250,"D","D","D"
2014613,1,"1","3",250,"D","D","D"
1988994,1,"1","2",250,"D","D","D"
1988994,2,"1","2",250,"D","D","D"
1989964,1,"1",,250,"D","C","D"
1982744,1,"1","2",250,"D","D","D"
1994514,2,"1","1",250,"D","D","D"
2016263,1,"1","2",250,"D","D","D"
2006833,3,"2",,.,"D","A","A"
1999173,1,"1",,250,"D","C","D"
1999173,2,"1",,250,"D","C","D"
1997713,1,"1","1",250,"D","D","D"
2000903,1,"1","3",250,"D","D","D"
2004803,1,"1","2",250,"D","D","D"
1980034,1,"1","1",250,"D","D","D"
1977914,1,"1","2",250,"D","D","D"
1990594,1,"1","3",250,"D","D","D"
1988894,1,"1","3",250,"D","D","D"
1988894,2,"1","2",250,"D","D","D"
1988894,4,"1","3",250,"D","D","D"
1982894,1,"1","3",250,"D","D","D"
1982894,2,"2",,.,"D","A","A"
1981434,1,"1","3",250,"D","D","D"
2002253,1,"1","3",250,"D","D","D"
2002253,2,"1","3",250,"D","D","D"
2012493,1,"1","2",250,"D","D","D"
2009083,1,"1","1",250,"D","D","D"
2009083,2,"1","1",250,"D","D","D"
2016653,1,"1","2",250,"D","D","D"
2016653,2,"1","2",250,"D","D","D"
2006703,1,"2",,.,"D","A","A"
2006703,2,"2",,.,"D","A","A"
1998763,1,"1","3",250,"D","D","D"
1995543,1,"1","3",250,"D","D","D"
1993304,1,,,.,"C","A","A"
1984394,1,"2",,.,"D","A","A"
1984394,2,"2",,.,"D","A","A"
2008294,1,"2",,.,"D","A","A"
1984644,1,,,.,"C","A","A"
1997933,1,"1","2",250,"D","D","D"
2016853,1,"1","2",250,"D","D","D"
1995873,3,,,.,"C","A","A"
2009333,1,"1","1",250,"D","D","D"
2007013,2,"1","1",250,"D","D","D"
1997783,2,,,.,"C","A","A"
2013414,1,"1","3",250,"D","D","D"
2013414,6,"1","3",250,"D","D","D"
2013414,7,"1","3",250,"D","D","D"
2013313,1,"1","2",250,"D","D","D"
2008053,1,"2",,.,"D","A","A"
2008053,4,"1","2",250,"D","D","D"
1982154,1,"1","1",250,"D","D","D"
1990914,1,"1","1",250,"D","D","D"
1988004,1,"1","1",250,"D","D","D"
1988004,2,"1","1",250,"D","D","D"
1995154,1,,,.,"C","A","A"
1988724,1,"2",,.,"D","A","A"
2008273,2,"1","1",250,"D","D","D"
1999943,1,,,.,"C","A","A"
1999463,1,"1","1",250,"D","D","D"
1997663,1,"1","1",250,"D","D","D"
1978864,1,"1","1",250,"D","D","D"
1978864,2,"1","1",250,"D","D","D"
1974414,1,"1","2",250,"D","D","D"
1977394,1,"2",,.,"D","A","A"
1988604,1,"1","1",250,"D","D","D"
1992384,1,"1","3",250,"D","D","D"
1992384,2,"1","3",250,"D","D","D"
1994984,1,"1","3",250,"D","D","D"
1994124,1,"1","1",250,"D","D","D"
1994124,2,"2",,.,"D","A","A"
1992804,1,"2",,.,"D","A","A"
2014273,1,"1","3",250,"D","D","D"
2015273,1,"1","3",250,"D","D","D"
2010063,1,"1","1",250,"D","D","D"
2009543,1,"1","1",250,"D","D","D"
2009543,2,"1","1",250,"D","D","D"
2003303,1,"2",,.,"D","A","A"
1975964,1,"1","3",250,"D","D","D"
1975964,2,"1","3",250,"D","D","D"
1988114,1,"1","3",250,"D","D","D"
1990174,1,"1","2",250,"D","D","D"
1990174,2,"1","2",250,"D","D","D"
1990174,3,"1","1",250,"D","D","D"
1984464,1,"1","2",250,"D","D","D"
1984464,2,"1","2",250,"D","D","D"
1986054,1,"1","2",250,"D","D","D"
1975814,1,"1","3",250,"D","D","D"
1975814,2,"1","3",250,"D","D","D"
1987174,1,"1","1",250,"D","D","D"
1982914,1,,,.,"C","A","A"
1982914,2,,,.,"C","A","A"
1995264,1,"1","3",250,"D","D","D"
2015373,2,"1","2",250,"D","D","D"
2006513,2,"1","3",250,"D","D","D"
2013063,1,"1","1",250,"D","D","D"
2013063,2,"1","1",250,"D","D","D"
2003933,2,,,.,"C","A","A"
2003933,5,,,.,"C","A","A"
2002733,1,"1","2",250,"D","D","D"
2002733,2,"1","2",250,"D","D","D"
2014213,1,"1","2",250,"D","D","D"
2013473,1,"1","1",250,"D","D","D"
1993424,1,"1","2",250,"D","D","D"
1993424,2,"1","1",250,"D","D","D"
1989904,1,"1","1",250,"D","D","D"
1981954,1,"1","2",250,"D","D","D"
2003754,1,"2",,.,"D","A","A"
2003754,2,"2",,.,"D","A","A"
1988884,1,"2",,.,"D","A","A"
2016073,1,"2",,.,"D","A","A"
2007023,1,"2",,.,"D","A","A"
1995823,1,"2",,.,"D","A","A"
1995823,2,"2",,.,"D","A","A"
1995563,1,"2",,.,"D","A","A"
2011013,2,"2",,.,"D","A","A"
1990284,1,"1","3",250,"D","D","D"
1990284,2,"1","3",250,"D","D","D"
1988014,1,"1","1",250,"D","D","D"
1988014,2,"1","1",250,"D","D","D"
2013274,1,"1","2",250,"D","D","D"
2013274,2,"1","2",250,"D","D","D"
1991504,1,"1","1",250,"D","D","D"
1991504,2,"1","1",250,"D","D","D"
1994334,1,"1","1",250,"D","D","D"
1981214,1,"1","1",250,"D","D","D"
1981214,2,"1","1",250,"D","D","D"
1977504,1,"1","3",250,"D","D","D"
2002183,1,"2",,.,"D","A","A"
2016463,1,"2",,.,"D","A","A"
2016463,2,"2",,.,"D","A","A"
1997423,1,"1","3",250,"D","D","D"
1997423,2,"1","1",250,"D","D","D"
2016253,1,"1","3",250,"D","D","D"
2016253,2,"1","1",250,"D","D","D"
2008533,1,"1","3",250,"D","D","D"
1991674,1,"1","3",250,"D","D","D"
1991674,2,"1","3",250,"D","D","D"
1995414,1,"1","2",250,"D","D","D"
1995414,2,"1","2",250,"D","D","D"
1984854,1,"1","1",250,"D","D","D"
1984854,2,"2",,.,"D","A","A"
1989004,1,"1","3",250,"D","D","D"
1993534,1,"1","2",250,"D","D","D"
1993534,2,"1","1",250,"D","D","D"
1986144,1,"1","1",250,"D","D","D"
1989044,1,"1","3",250,"D","D","D"
1997583,2,"1","3",250,"D","D","D"
2004033,1,"1","3",250,"D","D","D"
2004033,2,"2",,.,"D","A","A"
1999763,1,"1","2",250,"D","D","D"
2006283,1,"1","3",250,"D","D","D"
2008163,1,,,.,"C","A","A"
2002243,2,"1","1",250,"D","D","D"
1995464,1,"1","3",250,"D","D","D"
1992974,1,"1","3",250,"D","D","D"
2014353,1,"1","3",250,"D","D","D"
1997543,1,"1","3",250,"D","D","D"
1998793,1,"1","2",250,"D","D","D"
2017853,1,"1","2",250,"D","D","D"
2017853,2,"1","3",250,"D","D","D"
1999093,1,"1","3",250,"D","D","D"
1995803,1,"1","3",250,"D","D","D"
1995803,2,"2",,.,"D","A","A"
1980434,1,"1","3",250,"D","D","D"
1980434,2,"1","3",250,"D","D","D"
1986744,1,"1","3",250,"D","D","D"
1987244,3,"2",,.,"D","A","A"
1976954,1,"1","2",250,"D","D","D"
2011523,1,"1","3",250,"D","D","D"
2017373,1,"1","3",250,"D","D","D"
2017373,2,"1","3",250,"D","D","D"
2009963,2,"1","3",250,"D","D","D"
2011843,1,"1","1",250,"D","D","D"
2011843,2,"1","1",250,"D","D","D"
2015603,1,"1","1",250,"D","D","D"
1996463,1,"1","3",250,"D","D","D"
2005783,1,"1","3",250,"D","D","D"
1975274,1,"1","2",250,"D","D","D"
1975274,2,"1","2",250,"D","D","D"
1992214,1,,,.,"C","A","A"
1985924,1,"1","1",250,"D","D","D"
1990464,1,"1","3",250,"D","D","D"
1980734,1,"2",,.,"D","A","A"
1974164,1,"1","1",250,"D","D","D"
1987094,1,"1","2",250,"D","D","D"
1977214,1,"1","1",250,"D","D","D"
1977214,2,"2",,.,"D","A","A"
1976974,1,"1","2",250,"D","D","D"
1992324,1,"1","3",250,"D","D","D"
1992324,2,"1","3",250,"D","D","D"
1980884,1,"1","3",250,"D","D","D"
1980884,2,"1","3",250,"D","D","D"
1973584,1,"1","3",250,"D","D","D"
1983354,1,"2",,.,"D","A","A"
1983544,1,"1","1",250,"D","D","D"
2007743,1,"1","2",250,"D","D","D"
1997383,1,"1","1",250,"D","D","D"
1997383,2,"1","1",250,"D","D","D"
2012673,1,"1","2",250,"D","D","D"
2012673,2,"1","2",250,"D","D","D"
2012823,1,"1","1",250,"D","D","D"
1997813,1,"1","1",250,"D","D","D"
1997813,3,"1","1",250,"D","D","D"
2013354,1,"1","1",250,"D","D","D"
2013354,2,"2",,.,"D","A","A"
1979874,1,"2",,.,"D","A","A"
1979874,2,"1","3",250,"D","D","D"
1975864,1,"1","3",250,"D","D","D"
1975064,1,"1","3",250,"D","D","D"
1985774,1,"1","3",250,"D","D","D"
1994774,1,"1","1",250,"D","D","D"
2003263,1,"1","2",250,"D","D","D"
2015854,1,"1","2",250,"D","D","D"
1973874,1,"2",,.,"D","A","A"
1977114,1,"2",,.,"D","A","A"
1993054,1,,,.,"C","A","A"
1993054,2,,,.,"C","A","A"
1989954,1,"1","2",250,"D","D","D"
1986604,3,"1","1",250,"D","D","D"
1986984,1,,,.,"C","A","A"
1986984,2,,,.,"C","A","A"
1973654,1,"1","3",250,"D","D","D"
2000183,1,"1","3",250,"D","D","D"
2000183,2,"1","3",250,"D","D","D"
2010633,1,,,.,"C","A","A"
2003553,1,"1","3",250,"D","D","D"
2003553,2,"1","3",250,"D","D","D"
1998683,1,"1","3",250,"D","D","D"
1998683,2,"1","3",250,"D","D","D"
1998683,3,"1","1",250,"D","D","D"
1999383,3,"1","1",250,"D","D","D"
2000753,1,,,.,"C","A","A"
2007473,1,"1","1",250,"D","D","D"
2012083,1,"1","1",250,"D","D","D"
1978284,1,"1","3",250,"D","D","D"
1974664,1,"1","3",250,"D","D","D"
1992914,2,"1","3",250,"D","D","D"
1980164,1,"1","3",250,"D","D","D"
1978994,1,"2",,.,"D","A","A"
1978994,2,"2",,.,"D","A","A"
1981584,1,"1","3",250,"D","D","D"
1981584,2,"1","3",250,"D","D","D"
2004883,1,"2",,.,"D","A","A"
1993294,1,"2",,.,"D","A","A"
1976714,1,"1","3",250,"D","D","D"
2007874,1,"1","3",250,"D","D","D"
2013514,1,"1","1",250,"D","D","D"
1982614,1,"1",,250,"D","C","D"
1993274,1,"1","1",250,"D","D","D"
1989604,1,"1","1",250,"D","D","D"
1995653,1,"1","2",250,"D","D","D"
1996143,1,"1","1",250,"D","D","D"
2015283,1,"2",,.,"D","A","A"
2015283,2,"2",,.,"D","A","A"
1997503,2,"2",,.,"D","A","A"
2003693,1,"1","1",250,"D","D","D"
2004523,1,"1","3",250,"D","D","D"
2004523,2,"1","3",250,"D","D","D"
2017493,1,"1","3",250,"D","D","D"
2017493,2,"1","3",250,"D","D","D"
2010813,1,"1","1",250,"D","D","D"
1979504,1,"1","1",250,"D","D","D"
1995733,2,"1","3",250,"D","D","D"
2011953,1,"2",,.,"D","A","A"
1976784,4,"2",,.,"D","A","A"
1987694,1,,,.,"C","A","A"
1987694,2,,,.,"C","A","A"
1995064,6,"1","2",250,"D","D","D"
2010194,2,,,.,"C","A","A"
1997373,1,"1","1",250,"D","D","D"
1997373,2,"1","2",250,"D","D","D"
1997373,3,"1","2",250,"D","D","D"
1997373,5,"1","2",250,"D","D","D"
1997373,6,"2",,.,"D","A","A"
1997373,7,"1","3",250,"D","D","D"
1996383,1,"2",,.,"D","A","A"
2012563,5,"2",,.,"D","A","A"
2015773,2,"1","1",250,"D","D","D"
2001253,1,"2",,.,"D","A","A"
2007643,1,"2",,.,"D","A","A"
2007643,2,"2",,.,"D","A","A"
2008703,1,"1","1",250,"D","D","D"
2008703,2,"1","1",250,"D","D","D"
2004893,1,"1","1",250,"D","D","D"
2004893,2,"1","1",250,"D","D","D"
1998243,1,"2",,.,"D","A","A"
1976254,1,"1","1",250,"D","D","D"
1998623,1,"2",,.,"D","A","A"
1998623,2,"2",,.,"D","A","A"
1975564,1,"1","1",250,"D","D","D"
1984574,1,"1","1",250,"D","D","D"
1975674,1,"1","2",250,"D","D","D"
1975674,2,"1","2",250,"D","D","D"
1985794,1,"1","1",250,"D","D","D"
1986954,1,"1","1",250,"D","D","D"
1986954,2,"1","1",250,"D","D","D"
2015793,1,"1","2",250,"D","D","D"
2004443,1,"1","1",250,"D","D","D"
2014233,1,"1","2",250,"D","D","D"
2007313,1,"1","2",250,"D","D","D"
1995723,1,"2",,.,"D","A","A"
2008833,1,"1","1",250,"D","D","D"
2007293,1,"1","1",250,"D","D","D"
1997393,1,"1","3",250,"D","D","D"
1997393,2,"1","3",250,"D","D","D"
1996193,1,"2",,.,"D","A","A"
2009353,1,"1","2",250,"D","D","D"
2003993,2,"1","2",250,"D","D","D"
2013243,1,"1","1",250,"D","D","D"
2005003,1,"1","3",250,"D","D","D"
2001893,1,"1","1",250,"D","D","D"
1983044,1,"1","2",250,"D","D","D"
1986024,1,"1","1",250,"D","D","D"
1992054,1,"1","1",250,"D","D","D"
1991894,1,"1","1",250,"D","D","D"
1999353,1,"1","2",250,"D","D","D"
2014523,1,"1","1",250,"D","D","D"
2014523,2,"1","1",250,"D","D","D"
2014303,2,"1","3",250,"D","D","D"
1998813,1,"1","3",250,"D","D","D"
1998813,2,"1","2",250,"D","D","D"
2008913,1,"1","3",250,"D","D","D"
2008913,3,"1","3",250,"D","D","D"
2009153,1,"1","3",250,"D","D","D"
1982484,1,"1","1",250,"D","D","D"
1982484,2,"1","1",250,"D","D","D"
1985574,1,"2",,.,"D","A","A"
2017483,1,"1","2",250,"D","D","D"
2017483,2,"1","2",250,"D","D","D"
2007783,1,"2",,.,"D","A","A"
2015403,1,"2",,.,"D","A","A"
1992754,1,"1","1",250,"D","D","D"
1992754,2,"1","1",250,"D","D","D"
1992454,1,"1","2",250,"D","D","D"
1992454,2,"1","2",250,"D","D","D"
1989454,1,"1","2",250,"D","D","D"
2018023,1,"1","2",250,"D","D","D"
2018023,2,"1","2",250,"D","D","D"
2004603,1,"1","2",250,"D","D","D"
2004603,2,"1","2",250,"D","D","D"
2014243,1,"1","3",250,"D","D","D"
1997893,2,"1","2",250,"D","D","D"
2016163,1,"1","2",250,"D","D","D"
1999003,1,"1","1",250,"D","D","D"
1995864,2,"2",,.,"D","A","A"
1990554,1,"2",,.,"D","A","A"
1990554,2,"2",,.,"D","A","A"
1997963,2,"2",,.,"D","A","A"
1997963,3,"2",,.,"D","A","A"
2003013,1,"1",,250,"D","C","D"
1999293,2,"2",,.,"D","A","A"
2006233,1,"1",,250,"D","C","D"
2006233,2,"1","2",250,"D","D","D"
2013783,1,"2",,.,"D","A","A"
1979904,1,"1","1",250,"D","D","D"
1973834,1,"1","3",250,"D","D","D"
1986404,1,"2",,.,"D","A","A"
1984934,1,"1","1",250,"D","D","D"
1991404,2,"1","3",250,"D","D","D"
1983744,2,"1","2",250,"D","D","D"
1993794,1,"1","1",250,"D","D","D"
1990254,3,"1","3",250,"D","D","D"
1990254,4,"1","3",250,"D","D","D"
1974934,1,"1","1",250,"D","D","D"
1991194,1,"1","2",250,"D","D","D"
1998133,1,"2",,.,"D","A","A"
1998133,2,"1","1",250,"D","D","D"
2008643,1,"1","3",250,"D","D","D"
2008643,2,"1","2",250,"D","D","D"
2011163,1,"1","3",250,"D","D","D"
2011163,3,"2",,.,"D","A","A"
1997523,1,"1","2",250,"D","D","D"
2003793,1,"1","3",250,"D","D","D"
1997113,1,"1","3",250,"D","D","D"
2001653,1,"1","3",250,"D","D","D"
2001653,2,"1","3",250,"D","D","D"
2003533,3,"1","3",250,"D","D","D"
2004073,1,"1","1",250,"D","D","D"
2004073,2,"1","1",250,"D","D","D"
1988714,1,"2",,.,"D","A","A"
1976614,1,"2",,.,"D","A","A"
1988694,1,"2",,.,"D","A","A"
1994074,1,"1","3",250,"D","D","D"
1973364,1,,,.,"C","A","A"
1990294,1,"1","3",250,"D","D","D"
1976184,1,"2",,.,"D","A","A"
1976184,3,"2",,.,"D","A","A"
1974024,1,"2",,.,"D","A","A"
2017113,2,"2",,.,"D","A","A"
2004813,1,"2",,.,"D","A","A"
2017933,1,"1","3",250,"D","D","D"
1996943,1,"2",,.,"D","A","A"
1996943,2,"2",,.,"D","A","A"
2002523,2,"2",,.,"D","A","A"
1995763,1,"2",,.,"D","A","A"
1995763,2,"2",,.,"D","A","A"
1983414,1,"1","1",250,"D","D","D"
1990344,1,"1","3",250,"D","D","D"
1990344,2,"1","3",250,"D","D","D"
2012524,1,"2",,.,"D","A","A"
1976814,1,"1","3",250,"D","D","D"
1990304,1,"1","3",250,"D","D","D"
1990304,2,"1","3",250,"D","D","D"
1977334,3,"2",,.,"D","A","A"
1993774,1,"2",,.,"D","A","A"
1993774,2,"2",,.,"D","A","A"
1993774,3,"2",,.,"D","A","A"
1993774,4,"2",,.,"D","A","A"
1992294,1,"1","3",250,"D","D","D"
2000623,1,"1","3",250,"D","D","D"
2000623,2,"1","3",250,"D","D","D"
2016143,1,"1","3",250,"D","D","D"
1978154,1,"1","1",250,"D","D","D"
1987874,1,"1","1",250,"D","D","D"
1987874,2,"1","3",250,"D","D","D"
1987304,1,"1","3",250,"D","D","D"
1977674,1,"1","3",250,"D","D","D"
1977674,2,,,.,"C","A","A"
1985154,1,"1","1",250,"D","D","D"
1985154,2,"1","1",250,"D","D","D"
2011783,1,"1","3",250,"D","D","D"
2011783,2,"1","3",250,"D","D","D"
2014593,1,"1","3",250,"D","D","D"
2016153,1,"1","3",250,"D","D","D"
2016153,2,"1","3",250,"D","D","D"
2016153,3,"2",,.,"D","A","A"
1997733,1,"1","3",250,"D","D","D"
2005563,1,"1","2",250,"D","D","D"
2005563,2,"1","2",250,"D","D","D"
1986164,1,"1","1",250,"D","D","D"
1973434,1,"1","3",250,"D","D","D"
1974814,1,"1","3",250,"D","D","D"
1974814,2,"1","1",250,"D","D","D"
1974814,3,"2",,.,"D","A","A"
2013153,1,"1","1",250,"D","D","D"
1998313,1,"1","1",250,"D","D","D"
2017253,1,"1","1",250,"D","D","D"
2005533,1,"1","1",250,"D","D","D"
2005533,2,"1","1",250,"D","D","D"
2009513,1,"1","1",250,"D","D","D"
1999063,1,"1","3",250,"D","D","D"
1980244,1,"1","1",250,"D","D","D"
2001913,1,,,.,"C","A","A"
2001913,3,"1","1",250,"D","D","D"
2007843,1,"2",,.,"D","A","A"
1989114,1,"1","1",250,"D","D","D"
1989114,2,"1","1",250,"D","D","D"
1994274,1,"1","3",250,"D","D","D"
2014094,2,"1","1",250,"D","D","D"
1984274,2,"1","1",250,"D","D","D"
1996713,1,"1","2",250,"D","D","D"
2009063,1,"1","2",250,"D","D","D"
2014153,1,"2",,.,"D","A","A"
2014153,2,"2",,.,"D","A","A"
2013363,1,"1","2",250,"D","D","D"
2015573,1,"1","3",250,"D","D","D"
1978334,1,"1","2",250,"D","D","D"
1978334,2,"2",,.,"D","A","A"
1984074,1,"1","1",250,"D","D","D"
1984074,2,"1","1",250,"D","D","D"
2000483,2,"2",,.,"D","A","A"
2000483,4,"2",,.,"D","A","A"
2002863,1,"1","3",250,"D","D","D"
2002863,2,"1","3",250,"D","D","D"
2005903,4,"1","1",250,"D","D","D"
1984994,1,"2",,.,"D","A","A"
1977814,2,"1","3",250,"D","D","D"
1973424,1,"1","1",250,"D","D","D"
1973424,2,"1","1",250,"D","D","D"
2001553,1,"1","1",250,"D","D","D"
2000703,1,"1","1",250,"D","D","D"
2000703,2,"1","1",250,"D","D","D"
2015313,1,"1","3",250,"D","D","D"
1982074,3,"1","1",250,"D","D","D"
2014063,1,"1","1",250,"D","D","D"
1984264,1,"1","1",250,"D","D","D"
1984264,2,"1","1",250,"D","D","D"
1987644,1,"1","1",250,"D","D","D"
1996063,1,"1","1",250,"D","D","D"
1983494,1,"1","3",250,"D","D","D"
1983494,2,"1","3",250,"D","D","D"
2006113,2,"1","1",250,"D","D","D"
2000913,1,"1","3",250,"D","D","D"
1993004,1,"1","1",250,"D","D","D"
1993004,2,"1","3",250,"D","D","D"
1990944,1,"1","3",250,"D","D","D"
1990944,2,"1","3",250,"D","D","D"
2001363,1,"1","1",250,"D","D","D"
1992704,1,"1","3",250,"D","D","D"
1992704,2,"1","2",250,"D","D","D"
1994794,1,"1","3",250,"D","D","D"
2009433,2,"1","3",250,"D","D","D"
2015633,1,"1","2",250,"D","D","D"
1985394,1,"1","2",250,"D","D","D"
1985394,2,"1","2",250,"D","D","D"
1982004,1,"1","1",250,"D","D","D"
1978564,1,"1","1",250,"D","D","D"
1978564,2,"1","2",250,"D","D","D"
1992174,1,,,.,"C","A","A"
2001493,1,"1","2",250,"D","D","D"
2001493,2,"1","2",250,"D","D","D"
2004043,2,"1","1",250,"D","D","D"
1999123,1,"1","2",250,"D","D","D"
1999123,2,"1","2",250,"D","D","D"
2013733,1,"1","2",250,"D","D","D"
2013733,2,"1","2",250,"D","D","D"
1975344,1,"1","2",250,"D","D","D"
1986484,1,"1","3",250,"D","D","D"
1996313,1,"1","2",250,"D","D","D"
2009983,1,"1","1",250,"D","D","D"
2009983,2,"1","3",250,"D","D","D"
2007763,1,"1","3",250,"D","D","D"
1977794,1,"1","1",250,"D","D","D"
1977794,2,"1","2",250,"D","D","D"
1976004,1,"1","3",250,"D","D","D"
1976004,2,"1","2",250,"D","D","D"
2016923,1,"1","1",250,"D","D","D"
2016923,2,"1","1",250,"D","D","D"
1982864,2,"1","1",250,"D","D","D"
1980664,1,"1","1",250,"D","D","D"
1990514,1,"1","1",250,"D","D","D"
1990514,2,"1","1",250,"D","D","D"
1980894,1,"1","2",250,"D","D","D"
1994484,1,"1","3",250,"D","D","D"
1994484,2,"1","3",250,"D","D","D"
2016963,1,"1","1",250,"D","D","D"
2016963,2,"1","1",250,"D","D","D"
1996363,1,"1","3",250,"D","D","D"
2014323,2,"1","1",250,"D","D","D"
2004173,2,"1","1",250,"D","D","D"
1999713,1,"1","3",250,"D","D","D"
1999713,2,"1","3",250,"D","D","D"
1980134,1,"2",,.,"D","A","A"
1977554,1,"1","1",250,"D","D","D"
1977554,2,"1","3",250,"D","D","D"
1974444,1,"1","1",250,"D","D","D"
1989524,1,"1","1",250,"D","D","D"
2012513,1,"1","1",250,"D","D","D"
2012513,2,"1","1",250,"D","D","D"
2004233,1,"1","1",250,"D","D","D"
2004233,2,"1","1",250,"D","D","D"
2003123,1,"1","1",250,"D","D","D"
2008853,1,"1","1",250,"D","D","D"
2008853,2,"1","1",250,"D","D","D"
2006403,1,"1","1",250,"D","D","D"
1988594,1,"1","1",250,"D","D","D"
1984094,1,"1","2",250,"D","D","D"
1984094,2,"1","2",250,"D","D","D"
1988034,1,"2",,.,"D","A","A"
1978974,1,"1","2",250,"D","D","D"
1978974,2,"1","2",250,"D","D","D"
1979064,1,"2",,.,"D","A","A"
1979064,2,"2",,.,"D","A","A"
1990504,1,"2",,.,"D","A","A"
1990504,2,"2",,.,"D","A","A"
