"QYEAR","NEWID","SEQNO","ALCNO","REC_ORIG","RENTCODE","RENT_ODE","BSNSPCTZ","BSNS_CTZ","QADRENTX","QADR_NTX","ANYVACAT","ANYV_CAT"
"20091",1906455,63,0,"1","100","D",.,"A",.,"A","1","D"
"20091",1906475,62,0,"1","110","D",.,"A",.,"A","1","D"
"20091",1906475,63,0,"1","100","D",.,"A",.,"A","1","D"
"20091",1907555,46,0,"1","100","D",.,"A",27,"D","2","D"
"20091",1909265,56,0,"1","110","D",.,"A",.,"A","1","D"
"20091",1910415,39,0,"1","100","D",.,"A",.,"A","1","D"
"20091",1910475,51,0,"1","100","D",.,"A",.,"A","1","D"
"20091",1911815,40,0,"1","100","D",.,"A",.,"A","1","D"
"20091",1911945,57,0,"1","100","D",.,"A",.,"A","1","D"
"20091",1913095,47,0,"1","100","D",0.25,"D",613,"D","2","D"
"20091",1913475,52,0,"1","100","D",.,"A",500,"D","2","D"
"20091",1913905,43,0,"1","100","D",.,"A",65,"D","2","D"
"20091",1914335,80,0,"1","110","D",.,"A",.,"A","1","D"
"20091",1914375,48,0,"1","110","D",.,"A",.,"A","1","D"
"20091",1914435,49,0,"1","100","D",.,"A",.,"A","1","D"
"20091",1914915,51,0,"1","100","D",.,"A",.,"A","1","D"
"20091",1914995,60,0,"1","100","D",.,"A",.,"A","1","D"
"20091",1915065,34,0,"1","100","D",.,"A",.,"A","1","D"
"20091",1915855,41,0,"1","100","D",.,"A",.,"A","1","D"
"20091",1917625,33,0,"1","100","D",.,"A",.,"A","1","D"
"20091",1918405,38,0,"1","100","D",.,"A",.,"A","1","D"
"20091",1919105,48,0,"1","100","D",.,"A",.,"A","1","D"
"20091",1919385,34,0,"1","100","D",.,"A",.,"A","1","D"
"20091",1921945,26,0,"1","100","D",.,"A",110,"D","2","D"
"20091",1923025,59,0,"1","100","D",.,"A",129,"D","2","D"
"20091",1925105,62,0,"1","100","D",.,"A",.,"A","1","D"
"20091",1926105,61,0,"1","200","D",.,"A",650,"D","2","D"
"20091",1926855,79,0,"1","100","D",.,"A",.,"A","1","D"
"20091",1927395,73,0,"1","100","D",.,"A",.,"A","1","D"
"20091",1927625,47,0,"1","100","D",.,"A",.,"A","1","D"
"20091",1931584,56,0,"1","100","D",.,"A",.,"A","1","D"
"20091",1931934,53,0,"1","100","D",.,"A",.,"A","1","D"
"20091",1932294,48,0,"1","100","D",.,"A",77,"D","2","D"
"20091",1932294,49,0,"1","100","D",.,"A",54,"D","2","D"
"20091",1932494,47,0,"1","100","D",.,"A",160,"D","2","D"
"20091",1933495,56,0,"1","100","D",.,"A",.,"A","1","D"
"20091",1933914,67,0,"1","150","D",.,"A",167,"D","2","D"
"20091",1934714,43,0,"1","100","D",.,"A",.,"A","1","D"
"20091",1935174,42,0,"1","100","D",.,"A",.,"A","1","D"
"20091",1935294,55,0,"1","100","D",.,"A",100,"D","2","D"
"20091",1937084,45,0,"1","100","D",0.45,"D",265,"D","2","D"
"20091",1937804,51,0,"1","200","D",1,"D",0,"D","2","D"
"20091",1939504,62,0,"1","100","D",.,"A",301,"F","2","D"
"20091",1940144,46,0,"1","100","D",.,"A",.,"A","1","D"
"20091",1942914,39,0,"1","110","D",.,"A",.,"A","1","D"
"20091",1943074,61,0,"1","100","D",.,"A",.,"A","1","D"
"20091",1943214,62,0,"1","110","D",.,"A",240,"D","2","D"
"20091",1944664,37,0,"1","100","D",.,"A",.,"A","1","D"
"20091",1945444,51,0,"1","100","D",.,"A",.,"A","1","D"
"20091",1947014,50,0,"1","100","D",.,"A",135,"D","2","D"
"20091",1947494,65,0,"1","100","D",.,"A",267,"D","2","D"
"20091",1948294,61,0,"1","100","D",.,"A",.,"A","1","D"
"20091",1948405,38,0,"1","110","D",.,"A",.,"A","1","D"
"20091",1948854,38,0,"1","100","D",.,"A",500,"D","2","D"
"20091",1948924,52,0,"1","100","D",.,"A",.,"A","1","D"
"20091",1949244,56,0,"1","100","D",.,"A",.,"A","1","D"
"20091",1949794,67,0,"1","110","D",0.5,"D",75,"D","2","D"
"20091",1949794,68,0,"1","100","D",.,"A",100,"D","2","D"
"20091",1951513,46,0,"1","100","D",.,"A",.,"A","1","D"
"20091",1951763,47,0,"1","100","D",.,"A",253,"D","2","D"
"20091",1952033,60,0,"1","100","D",0.3,"D",2100,"D","2","D"
"20091",1952243,22,0,"1","100","D",.,"A",.,"A","1","D"
"20091",1952393,62,0,"1","110","D",.,"A",.,"A","1","D"
"20091",1953713,46,0,"1","110","D",.,"A",370,"D","2","D"
"20091",1953883,43,0,"1","100","D",.,"A",.,"A","1","D"
"20091",1954693,84,0,"1","110","D",.,"A",.,"A","1","D"
"20091",1956293,46,0,"1","100","D",.,"A",.,"A","1","D"
"20091",1957213,57,0,"1","180","D",.,"A",80,"D","2","D"
"20091",1957343,56,0,"1","100","D",.,"A",20,"D","2","D"
"20091",1957713,59,0,"1","100","D",.,"A",.,"A","1","D"
"20091",1959233,46,0,"1","100","D",.,"A",.,"A","1","D"
"20091",1959233,47,0,"1","200","D",.,"A",.,"A","1","D"
"20091",1961153,58,0,"1","110","D",.,"A",220,"D","2","D"
"20091",1961783,72,0,"1","100","D",.,"A",798,"D","2","D"
"20091",1963093,61,0,"1","110","D",.,"A",.,"A","1","D"
"20091",1963613,37,0,"1","100","D",1,"D",0,"D","2","D"
"20091",1964013,50,0,"1","100","D",.,"A",280,"D","2","D"
"20091",1964284,38,0,"1","110","D",.,"A",.,"A","1","D"
"20091",1964643,66,0,"1","100","D",.,"A",.,"A","1","D"
"20091",1965363,65,0,"1","100","D",.,"A",.,"A","1","D"
"20091",1965363,66,0,"1","160","D",.,"A",.,"A","1","D"
"20091",1966603,39,0,"1","100","D",.,"A",.,"A","1","D"
"20091",1966885,51,0,"1","100","D",.,"A",.,"A","1","D"
"20091",1967113,34,0,"1","100","D",.,"A",40,"D","2","D"
"20091",1967693,79,0,"1","110","D",.,"A",160,"D","2","D"
"20091",1968423,40,0,"1","100","D",.,"A",26,"D","2","D"
"20091",1970163,63,0,"1","100","D",.,"A",60,"D","2","D"
"20091",1972713,49,0,"1","100","D",.,"A",.,"A","1","D"
"20091",1972813,29,0,"1","100","D",.,"A",.,"A","1","D"
"20091",1973203,33,0,"1","100","D",.,"A",.,"A","1","D"
"20091",1973412,49,0,"1","100","D",.,"A",.,"A","1","D"
"20091",1974122,33,0,"1","110","D",.,"A",90,"D","2","D"
"20091",1974182,26,0,"1","100","D",.,"A",.,"A","1","D"
"20091",1974223,25,0,"1","100","D",.,"A",.,"A","1","D"
"20091",1975845,28,0,"1","100","D",.,"A",.,"A","1","D"
"20091",1976883,30,0,"1","100","D",.,"A",574,"D","2","D"
"20091",1977262,39,0,"1","110","D",.,"A",.,"A","1","D"
"20091",1977812,61,0,"1","100","D",.,"A",.,"A","1","D"
"20091",1978132,49,0,"1","100","D",.,"A",.,"A","1","D"
"20091",1979262,33,0,"1","100","D",.,"A",.,"A","1","D"
"20091",1979262,34,0,"1","150","D",.,"A",.,"A","1","D"
"20091",1979712,67,0,"1","100","D",.,"A",.,"A","1","D"
"20091",1980025,48,0,"1","110","D",.,"A",100,"D","2","D"
"20091",1981032,52,0,"1","110","D",.,"A",.,"A","1","D"
"20091",1982023,56,0,"1","200","D",1,"D",0,"D","2","D"
"20091",1982085,27,0,"1","100","D",.,"A",150,"D","2","D"
"20091",1982802,53,0,"1","110","D",.,"A",.,"A","1","D"
"20091",1982802,54,0,"1","110","D",.,"A",1198,"D","2","D"
"20091",1982802,55,0,"1","110","D",.,"A",.,"A","1","D"
"20091",1982802,56,0,"1","110","D",.,"A",1198,"D","2","D"
"20091",1982882,41,0,"1","110","D",.,"A",300,"D","2","D"
"20091",1983312,55,0,"1","100","D",1,"D",0,"D","2","D"
"20091",1983452,73,0,"1","100","D",.,"A",.,"A","1","D"
"20091",1984283,31,0,"1","100","D",.,"A",.,"A","1","D"
"20091",1984612,35,0,"1","100","D",.,"A",.,"A","1","D"
"20091",1984762,24,0,"1","100","D",1,"D",0,"D","2","D"
"20091",1985262,41,0,"1","100","D",.,"A",.,"A","1","D"
"20091",1985432,54,0,"1","100","D",.,"A",.,"A","1","D"
"20091",1985562,44,0,"1","100","D",.,"A",.,"A","1","D"
"20091",1985592,63,0,"1","110","D",.,"A",120,"D","2","D"
"20091",1985832,51,0,"1","100","D",.,"A",.,"A","1","D"
"20091",1986112,28,0,"1","100","D",1,"D",0,"D","2","D"
"20091",1986322,29,0,"1","100","D",.,"A",.,"A","1","D"
"20091",1986322,30,0,"1","110","D",.,"A",45,"D","2","D"
"20091",1986982,28,0,"1","100","D",.,"A",362,"D","2","D"
"20091",1987232,61,0,"1","110","D",.,"A",.,"A","1","D"
"20091",1987472,61,0,"1","100","D",.,"A",170,"D","2","D"
"20091",1987902,69,0,"1","100","D",.,"A",.,"A","1","D"
"20091",1987942,46,0,"1","100","D",.,"A",.,"A","1","D"
"20091",1988282,27,0,"1","100","D",.,"A",.,"A","1","D"
"20091",1988782,67,0,"1","100","D",.,"A",.,"A","1","D"
"20091",1988854,20,0,"1","100","D",.,"A",.,"A","1","D"
"20091",1989072,55,0,"1","100","D",.,"A",.,"A","1","D"
"20091",1989702,49,0,"1","100","D",.,"A",81,"D","2","D"
"20091",1989942,55,0,"1","100","D",.,"A",.,"A","1","D"
"20091",1989942,56,0,"1","100","D",.,"A",.,"A","1","D"
"20091",1990022,36,0,"1","110","D",.,"A",.,"A","1","D"
"20091",1990322,49,0,"1","100","D",.,"A",200,"D","2","D"
"20091",1991502,48,0,"1","100","D",.,"A",.,"A","1","D"
"20091",1993512,32,0,"1","100","D",.,"A",.,"A","1","D"
"20091",1993823,49,0,"1","110","D",.,"A",30,"D","2","D"
"20091",1994412,71,0,"1","100","D",.,"A",.,"A","1","D"
"20091",1995452,34,0,"1","100","D",.,"A",.,"A","1","D"
"20092",1928255,38,0,"1","100","D",.,"A",250,"D","2","D"
"20092",1928495,53,0,"1","100","D",.,"A",19,"D","2","D"
"20092",1928735,48,0,"1","100","D",.,"A",.,"A","1","D"
"20092",1932775,78,0,"1","100","D",.,"A",210,"D","2","D"
"20092",1933765,29,0,"1","100","D",.,"A",300,"D","2","D"
"20092",1934725,78,0,"1","110","D",.,"A",.,"A","1","D"
"20092",1934725,79,0,"1","110","D",1,"D",0,"D","2","D"
"20092",1934725,80,0,"1","200","D",.,"A",.,"A","1","D"
"20092",1935025,65,0,"1","100","D",.,"A",.,"A","1","D"
"20092",1936805,48,0,"1","100","D",1,"D",0,"D","2","D"
"20092",1937005,50,0,"1","120","D",.,"A",.,"A","1","D"
"20092",1937075,58,0,"1","100","D",.,"A",.,"A","1","D"
"20092",1937685,53,0,"1","100","D",.,"A",.,"A","1","D"
"20092",1939315,90,0,"1","100","D",.,"A",76,"D","2","D"
"20092",1939385,62,0,"1","100","D",0.5,"D",19,"D","2","D"
"20092",1939635,60,0,"1","100","D",.,"A",.,"A","1","D"
"20092",1940605,69,0,"1","100","D",.,"A",.,"A","1","D"
"20092",1942915,43,0,"1","110","D",.,"A",.,"A","1","D"
"20092",1943075,74,0,"1","100","D",.,"A",.,"A","1","D"
"20092",1943215,64,0,"1","110","D",.,"A",700,"D","2","D"
"20092",1943655,37,0,"1","100","D",1,"D",0,"D","2","D"
"20092",1948995,97,0,"1","110","D",.,"A",.,"A","1","D"
"20092",1949245,47,0,"1","100","D",.,"A",.,"A","1","D"
"20092",1949245,48,0,"1","110","D",.,"A",615,"D","2","D"
"20092",1949795,60,0,"1","110","D",.,"A",100,"D","2","D"
"20092",1950784,48,0,"1","100","D",.,"A",.,"A","1","D"
"20092",1951294,50,0,"1","100","D",.,"A",30,"D","2","D"
"20092",1951945,51,0,"1","100","D",.,"A",.,"A","1","D"
"20092",1952034,57,0,"1","100","D",.,"A",.,"A","1","D"
"20092",1952704,72,0,"1","100","D",.,"A",.,"A","1","D"
"20092",1952854,35,0,"1","100","D",.,"A",.,"A","1","D"
"20092",1952854,36,0,"1","100","D",.,"A",.,"A","1","D"
"20092",1953884,49,0,"1","100","D",.,"A",.,"A","1","D"
"20092",1954215,47,0,"1","110","D",.,"A",150,"D","2","D"
"20092",1954514,64,0,"1","100","D",.,"A",.,"A","1","D"
"20092",1954964,62,0,"1","100","D",.,"A",.,"A","1","D"
"20092",1955434,68,0,"1","100","D",.,"A",.,"A","1","D"
"20092",1956064,68,0,"1","100","D",.,"A",.,"A","1","D"
"20092",1957714,57,0,"1","100","D",.,"A",.,"A","1","D"
"20092",1957714,58,0,"1","100","D",.,"A",.,"A","1","D"
"20092",1958484,41,0,"1","100","D",.,"A",.,"A","1","D"
"20092",1961154,49,0,"1","100","D",.,"A",.,"A","1","D"
"20092",1961924,72,0,"1","100","D",.,"A",41,"D","2","D"
"20092",1963364,39,0,"1","100","D",.,"A",.,"A","1","D"
"20092",1963364,40,0,"1","100","D",.,"A",.,"A","1","D"
"20092",1963614,35,0,"1","100","D",.,"A",125,"D","2","D"
"20092",1969144,64,0,"1","100","D",.,"A",.,"A","1","D"
"20092",1971234,51,0,"1","100","D",.,"A",.,"A","1","D"
"20092",1971874,67,0,"1","100","D",.,"A",.,"A","1","D"
"20092",1972234,59,0,"1","100","D",0.9,"D",12,"D","2","D"
"20092",1972444,75,0,"1","110","D",.,"A",1200,"D","2","D"
"20092",1972674,67,0,"1","100","D",.,"A",.,"A","1","D"
"20092",1972714,46,0,"1","200","D",.,"A",.,"A","1","D"
"20092",1974893,39,0,"1","100","D",.,"A",80,"D","2","D"
"20092",1975823,67,0,"1","100","D",.,"A",.,"A","1","D"
"20092",1975853,44,0,"1","100","D",.,"A",.,"A","1","D"
"20092",1976283,64,0,"1","100","D",.,"A",.,"A","1","D"
"20092",1976983,24,0,"1","100","D",.,"A",.,"A","1","D"
"20092",1977184,62,0,"1","100","D",.,"A",.,"A","1","D"
"20092",1977283,39,0,"1","100","D",.,"A",.,"A","1","D"
"20092",1977843,39,0,"1","100","D",.,"A",350,"D","2","D"
"20092",1978043,83,0,"1","100","D",.,"A",.,"A","1","D"
"20092",1978533,43,0,"1","100","D",.,"A",.,"A","1","D"
"20092",1979534,25,0,"1","110","D",.,"A",.,"A","1","D"
"20092",1979913,81,0,"1","110","D",.,"A",100,"D","2","D"
"20092",1979913,82,0,"1","110","D",.,"A",75,"D","2","D"
"20092",1980413,57,0,"1","100","D",.,"A",.,"A","1","D"
"20092",1980903,48,0,"1","200","D",.,"A",.,"A","1","D"
"20092",1983183,74,0,"1","100","D",.,"A",.,"A","1","D"
"20092",1986213,39,0,"1","100","D",.,"A",.,"A","1","D"
"20092",1987173,50,0,"1","100","D",.,"A",.,"A","1","D"
"20092",1987903,50,0,"1","100","D",.,"A",.,"A","1","D"
"20092",1988855,21,0,"1","100","D",.,"A",.,"A","1","D"
"20092",1989025,60,0,"1","110","D",.,"A",.,"A","1","D"
"20092",1989113,51,0,"1","100","D",.,"A",.,"A","1","D"
"20092",1991503,49,0,"1","100","D",.,"A",.,"A","1","D"
"20092",1992003,34,0,"1","100","D",1,"D",0,"D","2","D"
"20092",1993663,36,0,"1","110","D",.,"A",130,"D","2","D"
"20092",1994543,53,0,"1","150","D",.,"A",.,"A","1","D"
"20092",1994653,45,0,"1","100","D",.,"A",337,"D","2","D"
"20092",1995284,28,0,"1","100","D",.,"A",253,"F","2","D"
"20092",1995403,35,0,"1","100","D",1,"D",0,"D","2","D"
"20092",1995453,35,0,"1","100","D",.,"A",1000,"D","2","D"
"20092",1995582,49,0,"1","100","D",.,"A",.,"A","1","D"
"20092",1995863,47,0,"1","100","D",.,"A",230,"D","2","D"
"20092",1995912,30,0,"1","100","D",.,"A",200,"D","2","D"
"20092",1996332,33,0,"1","100","D",1,"D",0,"D","2","D"
"20092",1996972,31,0,"1","100","D",.,"A",500,"D","2","D"
"20092",1997002,63,0,"1","100","D",.,"A",.,"A","1","D"
"20092",1997194,44,0,"1","100","D",.,"A",421,"D","2","D"
"20092",1997454,36,0,"1","100","D",0.8,"D",15,"D","2","D"
"20092",1997552,39,0,"1","100","D",.,"A",.,"A","1","D"
"20092",1998122,56,0,"1","100","D",.,"A",.,"A","1","D"
"20092",1998202,67,0,"1","100","D",.,"A",.,"A","1","D"
"20092",1998295,23,0,"1","100","D",.,"A",.,"A","1","D"
"20092",1998742,49,0,"1","100","D",.,"A",75,"D","2","D"
"20092",1998742,50,0,"1","200","D",.,"A",220,"D","2","D"
"20092",1999244,55,0,"1","110","D",.,"A",1800,"D","2","D"
"20092",1999265,21,0,"1","100","D",.,"A",.,"A","1","D"
"20092",1999274,51,0,"1","100","D",.,"A",300,"D","2","D"
"20092",1999633,34,0,"1","100","D",.,"A",.,"A","1","D"
"20092",1999732,21,0,"1","100","D",.,"A",.,"A","1","D"
"20092",1999932,52,0,"1","100","D",.,"A",135,"D","2","D"
"20092",2000352,38,0,"1","100","D",.,"A",.,"A","1","D"
"20092",2000492,27,0,"1","200","D",.,"A",59,"D","2","D"
"20092",2000583,23,0,"1","100","D",.,"A",.,"A","1","D"
"20092",2000792,39,0,"1","100","D",.,"A",80,"D","2","D"
"20092",2001082,49,0,"1","100","D",.,"A",.,"A","1","D"
"20092",2001235,51,0,"1","110","D",.,"A",.,"A","1","D"
"20092",2001582,51,0,"1","100","D",.,"A",.,"A","1","D"
"20092",2001742,71,0,"1","100","D",.,"A",.,"A","1","D"
"20092",2001802,37,0,"1","100","D",.,"A",11,"D","2","D"
"20092",2002485,34,0,"1","100","D",.,"A",.,"A","1","D"
"20092",2002704,42,0,"1","110","D",.,"A",100,"D","2","D"
"20092",2003132,25,0,"1","100","D",.,"A",200,"D","2","D"
"20092",2003452,46,0,"1","100","D",.,"A",.,"A","1","D"
"20092",2003875,24,0,"1","110","D",.,"A",211,"D","2","D"
"20092",2004662,55,0,"1","100","D",.,"A",.,"A","1","D"
"20092",2004944,25,0,"1","100","D",.,"A",.,"A","1","D"
"20092",2004944,26,0,"1","100","D",.,"A",.,"A","1","D"
"20092",2005212,52,0,"1","100","D",.,"A",.,"A","1","D"
"20092",2005212,53,0,"1","110","D",.,"A",.,"A","1","D"
"20092",2005462,65,0,"1","100","D",.,"A",.,"A","1","D"
"20092",2005725,19,0,"1","100","D",0.5,"D",225,"D","2","D"
"20092",2005962,58,0,"1","100","D",.,"A",.,"A","1","D"
"20092",2006422,37,0,"1","100","D",.,"A",42,"D","2","D"
"20092",2006702,44,0,"1","100","D",.,"A",.,"A","1","D"
"20092",2006872,28,0,"1","100","D",.,"A",.,"A","1","D"
"20092",2007213,33,0,"1","100","D",.,"A",200,"D","2","D"
"20092",2007283,44,0,"1","100","D",.,"A",100,"D","2","D"
"20092",2007302,62,0,"1","130","D",.,"A",.,"A","1","D"
"20092",2007612,38,0,"1","110","D",.,"A",273,"D","2","D"
"20092",2007962,31,0,"1","100","D",.,"A",889,"D","2","D"
"20092",2009512,22,0,"1","110","D",.,"A",.,"A","1","D"
"20092",2009772,37,0,"1","100","D",.,"A",90,"D","2","D"
"20092",2009942,27,0,"1","100","D",.,"A",100,"D","2","D"
"20092",2009942,28,0,"1","100","D",.,"A",.,"A","1","D"
"20092",2009942,29,0,"1","100","D",.,"A",.,"A","1","D"
"20092",2009972,53,0,"1","100","D",.,"A",.,"A","1","D"
"20092",2010062,35,0,"1","100","D",.,"A",.,"A","1","D"
"20092",2010412,49,0,"1","100","D",.,"A",.,"A","1","D"
"20092",2010652,31,0,"1","100","D",.,"A",.,"A","1","D"
"20092",2010652,32,0,"1","100","D",.,"A",.,"A","1","D"
"20092",2010783,31,0,"1","100","D",.,"A",.,"A","1","D"
"20092",2010942,53,0,"1","100","D",.,"A",.,"A","1","D"
"20092",2011145,49,0,"1","200","D",.,"A",200,"D","2","D"
"20092",2011182,19,0,"1","100","D",.,"A",87,"D","2","D"
"20092",2012282,29,0,"1","110","D",.,"A",.,"A","1","D"
"20092",2012402,39,0,"1","110","D",.,"A",.,"A","1","D"
"20092",2013612,67,0,"1","100","D",.,"A",.,"A","1","D"
"20092",2013622,42,0,"1","100","D",.,"A",300,"D","2","D"
"20092",2014002,42,0,"1","100","D",.,"A",.,"A","1","D"
"20092",2014444,25,0,"1","100","D",.,"A",900,"D","2","D"
"20092",2014642,55,0,"1","100","D",.,"A",800,"D","2","D"
"20092",2015064,27,0,"1","100","D",.,"A",216,"D","2","D"
"20092",2015074,33,0,"1","100","D",1,"D",0,"D","2","D"
"20092",2016393,18,0,"1","100","D",.,"A",.,"A","1","D"
"20092",2016402,50,0,"1","100","D",.,"A",.,"A","1","D"
"20092",2016932,38,0,"1","110","D",.,"A",.,"A","1","D"
"20092",2017562,24,0,"1","170","D",.,"A",.,"A","1","D"
"20092",2017692,70,0,"1","100","D",.,"A",136,"D","2","D"
"20092",2017923,28,0,"1","100","D",.,"A",.,"A","1","D"
"20093",1951335,45,0,"1","100","D",.,"A",50,"D","2","D"
"20093",1952245,25,0,"1","100","D",.,"A",.,"A","1","D"
"20093",1952275,32,0,"1","100","D",.,"A",30,"D","2","D"
"20093",1952705,76,0,"1","100","D",.,"A",.,"A","1","D"
"20093",1952855,37,0,"1","100","D",.,"A",.,"A","1","D"
"20093",1953885,38,0,"1","100","D",.,"A",.,"A","1","D"
"20093",1954715,71,0,"1","100","D",.,"A",458,"D","2","D"
"20093",1955435,61,0,"1","100","D",.,"A",.,"A","1","D"
"20093",1955715,114,0,"1","100","D",.,"A",.,"A","1","D"
"20093",1957205,47,0,"1","110","D",.,"A",245,"D","2","D"
"20093",1957355,55,0,"1","110","D",.,"A",.,"A","1","D"
"20093",1957855,30,0,"1","110","D",.,"A",.,"A","1","D"
"20093",1959125,50,0,"1","200","D",.,"A",97,"D","2","D"
"20093",1959415,48,0,"1","110","D",.,"A",.,"A","1","D"
"20093",1960035,42,0,"1","100","D",.,"A",.,"A","1","D"
"20093",1961145,44,0,"1","100","D",.,"A",.,"A","1","D"
"20093",1961155,63,0,"1","100","D",.,"A",.,"A","1","D"
"20093",1961395,51,0,"1","160","D",.,"A",.,"A","1","D"
"20093",1961785,80,0,"1","100","D",.,"A",.,"A","1","D"
"20093",1963365,42,0,"1","100","D",.,"A",.,"A","1","D"
"20093",1963365,43,0,"1","100","D",.,"A",.,"A","1","D"
"20093",1965025,40,0,"1","100","D",.,"A",.,"A","1","D"
"20093",1965335,47,0,"1","100","D",.,"A",.,"A","1","D"
"20093",1965875,56,0,"1","110","D",.,"A",134,"D","2","D"
"20093",1966875,59,0,"1","100","D",.,"A",.,"A","1","D"
"20093",1966995,76,0,"1","100","D",.,"A",35,"D","2","D"
"20093",1967275,75,0,"1","100","D",.,"A",302,"D","2","D"
"20093",1968515,72,0,"1","100","D",.,"A",70,"D","2","D"
"20093",1968915,46,0,"1","100","D",.,"A",.,"A","1","D"
"20093",1969195,52,0,"1","100","D",.,"A",.,"A","1","D"
"20093",1970165,55,0,"1","100","D",.,"A",.,"A","1","D"
"20093",1970255,52,0,"1","100","D",.,"A",.,"A","1","D"
"20093",1971065,31,0,"1","100","D",.,"A",.,"A","1","D"
"20093",1972715,44,0,"1","100","D",.,"A",.,"A","1","D"
"20093",1973275,57,0,"1","100","D",.,"A",.,"A","1","D"
"20093",1975414,40,0,"1","100","D",.,"A",.,"A","1","D"
"20093",1975444,48,0,"1","100","D",.,"A",.,"A","1","D"
"20093",1976154,89,0,"1","110","D",.,"A",.,"A","1","D"
"20093",1977494,60,0,"1","110","D",.,"A",.,"A","1","D"
"20093",1978224,53,0,"1","100","D",.,"A",300,"D","2","D"
"20093",1978274,37,0,"1","100","D",.,"A",150,"D","2","D"
"20093",1978424,71,0,"1","160","D",.,"A",.,"A","1","D"
"20093",1980524,54,0,"1","100","D",.,"A",.,"A","1","D"
"20093",1980634,62,0,"1","100","D",.,"A",.,"A","1","D"
"20093",1983184,73,0,"1","100","D",.,"A",.,"A","1","D"
"20093",1983334,71,0,"1","110","D",.,"A",.,"A","1","D"
"20093",1985325,41,0,"1","100","D",.,"A",.,"A","1","D"
"20093",1987534,76,0,"1","100","D",1,"D",0,"D","2","D"
"20093",1987734,58,0,"1","100","D",.,"A",.,"A","1","D"
"20093",1988205,21,0,"1","100","D",.,"A",37,"D","2","D"
"20093",1988284,41,0,"1","100","D",.,"A",.,"A","1","D"
"20093",1988345,32,0,"1","100","D",.,"A",.,"A","1","D"
"20093",1988804,43,0,"1","110","D",.,"A",130,"D","2","D"
"20093",1988894,49,0,"1","100","D",.,"A",50,"D","2","D"
"20093",1988914,45,0,"1","170","D",.,"A",.,"A","1","D"
"20093",1989944,50,0,"1","100","D",.,"A",.,"A","1","D"
"20093",1989954,69,0,"1","110","D",.,"A",82,"D","2","D"
"20093",1991504,54,0,"1","100","D",.,"A",.,"A","1","D"
"20093",1992664,73,0,"1","100","D",.,"A",100,"D","2","D"
"20093",1993124,49,0,"1","100","D",.,"A",.,"A","1","D"
"20093",1993214,77,0,"1","100","D",.,"A",549,"D","2","D"
"20093",1996123,46,0,"1","110","D",.,"A",40,"D","2","D"
"20093",1997195,51,0,"1","100","D",.,"A",421,"D","2","D"
"20093",1997214,39,0,"1","100","D",.,"A",90,"D","2","D"
"20093",1997253,35,0,"1","110","D",.,"A",.,"A","1","D"
"20093",1997455,38,0,"1","100","D",.,"A",.,"A","1","D"
"20093",1997473,54,0,"1","100","D",.,"A",.,"A","1","D"
"20093",1997553,45,0,"1","100","D",.,"A",.,"A","1","D"
"20093",1998043,33,0,"1","100","D",.,"A",.,"A","1","D"
"20093",1999025,31,0,"1","170","D",.,"A",35,"D","2","D"
"20093",1999595,53,0,"1","100","D",.,"A",.,"A","1","D"
"20093",1999933,50,0,"1","100","D",.,"A",168,"D","2","D"
"20093",2000113,49,0,"1","100","D",.,"A",.,"A","1","D"
"20093",2003133,26,0,"1","100","D",.,"A",150,"D","2","D"
"20093",2003453,41,0,"1","100","D",.,"A",.,"A","1","D"
"20093",2004863,39,0,"1","100","D",.,"A",.,"A","1","D"
"20093",2005563,72,0,"1","160","D",.,"A",.,"A","1","D"
"20093",2006013,76,0,"1","100","D",.,"A",190,"D","2","D"
"20093",2006613,49,0,"1","100","D",.,"A",426,"D","2","D"
"20093",2006703,58,0,"1","100","D",.,"A",.,"A","1","D"
"20093",2006703,59,0,"1","100","D",.,"A",.,"A","1","D"
"20093",2008043,40,0,"1","100","D",.,"A",.,"A","1","D"
"20093",2009203,47,0,"1","200","D",.,"A",180,"D","2","D"
"20093",2009413,38,0,"1","100","D",.,"A",485,"D","2","D"
"20093",2009423,41,0,"1","100","D",.,"A",100,"D","2","D"
"20093",2010173,30,0,"1","100","D",.,"A",400,"D","2","D"
"20093",2010653,40,0,"1","100","D",.,"A",.,"A","1","D"
"20093",2010653,41,0,"1","100","D",.,"A",.,"A","1","D"
"20093",2010653,42,0,"1","100","D",.,"A",.,"A","1","D"
"20093",2010653,43,0,"1","100","D",.,"A",.,"A","1","D"
"20093",2011893,40,0,"1","100","D",.,"A",140,"D","2","D"
"20093",2013613,62,0,"1","100","D",.,"A",.,"A","1","D"
"20093",2013793,54,0,"1","100","D",.,"A",120,"D","2","D"
"20093",2014543,68,0,"1","110","D",.,"A",235,"D","2","D"
"20093",2015113,32,0,"1","100","D",.,"A",97,"D","2","D"
"20093",2016403,61,0,"1","100","D",.,"A",.,"A","1","D"
"20093",2016733,32,0,"1","150","D",.,"A",.,"A","1","D"
"20093",2017143,57,0,"1","110","D",.,"A",30,"D","2","D"
"20093",2017263,64,0,"1","110","D",.,"A",110,"D","2","D"
"20093",2018235,41,0,"1","100","D",.,"A",200,"D","2","D"
"20093",2018282,29,0,"1","100","D",.,"A",.,"A","1","D"
"20093",2018322,50,0,"1","110","D",.,"A",.,"A","1","D"
"20093",2018842,52,0,"1","110","D",.,"A",.,"A","1","D"
"20093",2019142,34,0,"1","110","D",.,"A",325,"D","2","D"
"20093",2019175,24,0,"1","100","D",.,"A",.,"A","1","D"
"20093",2019192,32,0,"1","100","D",.,"A",.,"A","1","D"
"20093",2019232,69,0,"1","100","D",.,"A",.,"A","1","D"
"20093",2019332,41,0,"1","100","D",.,"A",385,"D","2","D"
"20093",2019752,62,0,"1","180","D",.,"A",.,"A","1","D"
"20093",2019892,47,0,"1","110","D",.,"A",.,"A","1","D"
"20093",2020052,40,0,"1","100","D",.,"A",.,"A","1","D"
"20093",2020062,73,0,"1","100","D",.,"A",50,"D","2","D"
"20093",2020242,29,0,"1","100","D",.,"A",50,"D","2","D"
"20093",2020292,24,0,"1","100","D",.,"A",.,"A","1","D"
"20093",2020422,64,0,"1","100","D",.,"A",600,"D","2","D"
"20093",2020422,65,0,"1","100","D",.,"A",300,"D","2","D"
"20093",2020882,45,0,"1","100","D",.,"A",.,"A","1","D"
"20093",2022442,50,0,"1","100","D",.,"A",60,"D","2","D"
"20093",2022542,83,0,"1","100","D",.,"A",.,"A","1","D"
"20093",2022632,33,0,"1","100","D",.,"A",20,"D","2","D"
"20093",2022912,37,0,"1","110","D",.,"A",.,"A","1","D"
"20093",2024215,32,0,"1","110","D",.,"A",3000,"D","2","D"
"20093",2024672,57,0,"1","100","D",.,"A",.,"A","1","D"
"20093",2025242,29,0,"1","110","D",.,"A",150,"D","2","D"
"20093",2025532,59,0,"1","100","D",.,"A",.,"A","1","D"
"20093",2025622,23,0,"1","110","D",.,"A",175,"D","2","D"
"20093",2025662,50,0,"1","170","D",.,"A",25,"D","2","D"
"20093",2026002,52,0,"1","180","D",.,"A",130,"D","2","D"
"20093",2026402,106,0,"1","100","D",.,"A",.,"A","1","D"
"20093",2027703,31,0,"1","110","D",.,"A",118,"D","2","D"
"20093",2027952,31,0,"1","110","D",.,"A",.,"A","1","D"
"20093",2028152,36,0,"1","110","D",.,"A",.,"A","1","D"
"20093",2028485,22,0,"1","200","D",.,"A",75,"D","2","D"
"20093",2028563,49,0,"1","110","D",.,"A",140,"D","2","D"
"20093",2028622,52,0,"1","110","D",.,"A",257,"D","2","D"
"20093",2029512,51,0,"1","100","D",.,"A",200,"D","2","D"
"20093",2029872,24,0,"1","100","D",.,"A",.,"A","1","D"
"20093",2030054,58,0,"1","100","D",.,"A",.,"A","1","D"
"20093",2030953,38,0,"1","110","D",.,"A",120,"D","2","D"
"20093",2031052,38,0,"1","100","D",.,"A",102,"D","2","D"
"20093",2031192,49,0,"1","100","D",.,"A",.,"A","1","D"
"20093",2031322,70,0,"1","100","D",.,"A",.,"A","1","D"
"20093",2032492,33,0,"1","110","D",.,"A",90,"D","2","D"
"20093",2032612,53,0,"1","100","D",.,"A",.,"A","1","D"
"20093",2032884,38,0,"1","180","D",.,"A",37,"D","2","D"
"20093",2033242,53,0,"1","100","D",.,"A",.,"A","1","D"
"20093",2034132,37,0,"1","100","D",.,"A",.,"A","1","D"
"20093",2034372,48,0,"1","100","D",.,"A",.,"A","1","D"
"20093",2034492,29,0,"1","110","D",1,"D",0,"D","2","D"
"20093",2034492,30,0,"1","100","D",1,"D",0,"D","2","D"
"20093",2035562,41,0,"1","100","D",.,"A",.,"A","1","D"
"20093",2036682,34,0,"1","100","D",.,"A",119,"D","2","D"
"20093",2037032,43,0,"1","100","D",.,"A",.,"A","1","D"
"20093",2037462,39,0,"1","100","D",.,"A",.,"A","1","D"
"20093",2037672,48,0,"1","110","D",.,"A",358,"D","2","D"
"20093",2037804,32,0,"1","100","D",1,"D",0,"D","2","D"
"20093",2038092,34,0,"1","110","D",.,"A",181,"D","2","D"
"20093",2038722,31,0,"1","110","D",.,"A",.,"A","1","D"
"20094",1973425,53,0,"1","100","D",.,"A",.,"A","1","D"
"20094",1976285,68,0,"1","110","D",.,"A",.,"A","1","D"
"20094",1978225,72,0,"1","100","D",.,"A",.,"A","1","D"
"20094",1978325,49,0,"1","100","D",.,"A",.,"A","1","D"
"20094",1978345,100,0,"1","110","D",.,"A",.,"A","1","D"
"20094",1978425,70,0,"1","160","D",.,"A",.,"A","1","D"
"20094",1978835,49,0,"1","100","D",.,"A",.,"A","1","D"
"20094",1979225,53,0,"1","100","D",.,"A",.,"A","1","D"
"20094",1980635,60,0,"1","110","D",.,"A",.,"A","1","D"
"20094",1980705,34,0,"1","100","D",.,"A",.,"A","1","D"
"20094",1981205,47,0,"1","100","D",.,"A",.,"A","1","D"
"20094",1981815,42,0,"1","100","D",.,"A",80,"D","2","D"
"20094",1982835,65,0,"1","110","D",.,"A",120,"D","2","D"
"20094",1983105,61,0,"1","110","D",.,"A",.,"A","1","D"
"20094",1985445,39,0,"1","100","D",.,"A",.,"A","1","D"
"20094",1985505,28,0,"1","110","D",.,"A",82,"D","2","D"
"20094",1986315,66,0,"1","100","D",.,"A",.,"A","1","D"
"20094",1986325,35,0,"1","100","D",.,"A",.,"A","1","D"
"20094",1987175,52,0,"1","100","D",.,"A",.,"A","1","D"
"20094",1987895,71,0,"1","100","D",.,"A",.,"A","1","D"
"20094",1991085,94,0,"1","100","D",.,"A",.,"A","1","D"
"20094",1992015,61,0,"1","100","D",.,"A",.,"A","1","D"
"20094",1993705,41,0,"1","110","D",.,"A",.,"A","1","D"
"20094",1994275,41,0,"1","100","D",.,"A",123,"D","2","D"
"20094",1994585,42,0,"1","100","D",.,"A",.,"A","1","D"
"20094",1995005,49,0,"1","110","D",.,"A",.,"A","1","D"
"20094",1995495,59,0,"1","100","D",1,"D",0,"D","2","D"
"20094",1995884,48,0,"1","100","D",.,"A",.,"A","1","D"
"20094",1995914,30,0,"1","200","D",.,"A",.,"A","1","D"
"20094",1997264,30,0,"1","100","D",.,"A",.,"A","1","D"
"20094",1997344,56,0,"1","200","D",.,"A",700,"D","2","D"
"20094",1997554,36,0,"1","100","D",.,"A",.,"A","1","D"
"20094",1997604,107,0,"1","100","D",.,"A",35,"D","2","D"
"20094",1997704,66,0,"1","180","D",.,"A",60,"D","2","D"
"20094",1998444,49,0,"1","110","D",.,"A",.,"A","1","D"
"20094",1999934,59,0,"1","100","D",.,"A",225,"D","2","D"
"20094",2000354,53,0,"1","100","D",.,"A",.,"A","1","D"
"20094",2000354,54,0,"1","100","D",.,"A",.,"A","1","D"
"20094",2001154,46,0,"1","100","D",.,"A",.,"A","1","D"
"20094",2001584,54,0,"1","100","D",.,"A",.,"A","1","D"
"20094",2001625,55,0,"1","130","D",.,"A",.,"A","1","D"
"20094",2004164,58,0,"1","100","D",.,"A",.,"A","1","D"
"20094",2005534,44,0,"1","100","D",.,"A",35,"D","2","D"
"20094",2007285,55,0,"1","100","D",.,"A",85,"D","2","D"
"20094",2008364,40,0,"1","110","D",.,"A",.,"A","1","D"
"20094",2010315,41,0,"1","100","D",.,"A",345,"D","2","D"
"20094",2011894,51,0,"1","180","D",.,"A",150,"D","2","D"
"20094",2011954,45,0,"1","100","D",.,"A",159,"D","2","D"
"20094",2013064,60,0,"1","100","D",.,"A",.,"A","1","D"
"20094",2013544,29,0,"1","100","D",.,"A",4,"D","2","D"
"20094",2013944,33,0,"1","100","D",.,"A",340,"D","2","D"
"20094",2014564,50,0,"1","110","D",.,"A",.,"A","1","D"
"20094",2014914,61,0,"1","100","D",.,"A",.,"A","1","D"
"20094",2014984,45,0,"1","100","D",.,"A",.,"A","1","D"
"20094",2016404,62,0,"1","100","D",.,"A",.,"A","1","D"
"20094",2017334,80,0,"1","100","D",.,"A",.,"A","1","D"
"20094",2017784,75,0,"1","110","D",.,"A",.,"A","1","D"
"20094",2018014,101,0,"1","100","D",.,"A",.,"A","1","D"
"20094",2018515,31,0,"1","100","D",.,"A",400,"D","2","D"
"20094",2018923,54,0,"1","100","D",.,"A",250,"D","2","D"
"20094",2019233,70,0,"1","100","D",.,"A",.,"A","1","D"
"20094",2019263,33,0,"1","100","D",.,"A",.,"A","1","D"
"20094",2020423,74,0,"1","100","D",.,"A",.,"A","1","D"
"20094",2021203,52,0,"1","100","D",.,"A",.,"A","1","D"
"20094",2021323,35,0,"1","100","D",.,"A",233,"D","2","D"
"20094",2022235,53,0,"1","110","D",.,"A",.,"A","1","D"
"20094",2022333,41,0,"1","100","D",.,"A",.,"A","1","D"
"20094",2022333,42,0,"1","100","D",.,"A",.,"A","1","D"
"20094",2023693,75,0,"1","100","D",.,"A",.,"A","1","D"
"20094",2024663,61,0,"1","160","D",.,"A",.,"A","1","D"
"20094",2024673,42,0,"1","100","D",.,"A",.,"A","1","D"
"20094",2024673,43,0,"1","100","D",.,"A",.,"A","1","D"
"20094",2024673,44,0,"1","100","D",.,"A",.,"A","1","D"
"20094",2025014,52,0,"1","110","D",.,"A",98,"D","2","D"
"20094",2025754,39,0,"1","110","D",.,"A",60,"D","2","D"
"20094",2026003,53,0,"1","110","D",.,"A",47,"D","2","D"
"20094",2026623,50,0,"1","100","D",.,"A",.,"A","1","D"
"20094",2027093,42,0,"1","110","D",.,"A",20,"D","2","D"
"20094",2027375,24,0,"1","100","D",.,"A",.,"A","1","D"
"20094",2027513,33,0,"1","100","D",.,"A",62,"D","2","D"
"20094",2027633,40,0,"1","100","D",.,"A",.,"A","1","D"
"20094",2028555,81,0,"1","110","D",.,"A",185,"D","2","D"
"20094",2028593,42,0,"1","100","D",.,"A",40,"D","2","D"
"20094",2029633,46,0,"1","100","D",.,"A",.,"A","1","D"
"20094",2030313,26,0,"1","160","D",.,"A",110,"D","2","D"
"20094",2031023,116,0,"1","170","D",.,"A",8,"D","2","D"
"20094",2031323,65,0,"1","100","D",.,"A",.,"A","1","D"
"20094",2031724,56,0,"1","100","D",.,"A",.,"A","1","D"
"20094",2032073,40,0,"1","110","D",.,"A",160,"D","2","D"
"20094",2032073,41,0,"1","100","D",.,"A",42,"D","2","D"
"20094",2032243,53,0,"1","100","D",.,"A",.,"A","1","D"
"20094",2032243,54,0,"1","170","D",.,"A",.,"A","1","D"
"20094",2032493,33,0,"1","100","D",.,"A",.,"A","1","D"
"20094",2033033,43,0,"1","100","D",.,"A",.,"A","1","D"
"20094",2034133,41,0,"1","100","D",.,"A",.,"A","1","D"
"20094",2034824,76,0,"1","110","D",.,"A",.,"A","1","D"
"20094",2036063,27,0,"1","100","D",.,"A",.,"A","1","D"
"20094",2036303,42,0,"1","100","D",.,"A",.,"A","1","D"
"20094",2036733,60,0,"1","100","D",.,"A",.,"A","1","D"
"20094",2036743,57,0,"1","100","D",.,"A",.,"A","1","D"
"20094",2036743,58,0,"1","150","D",.,"A",.,"A","1","D"
"20094",2037673,57,0,"1","110","D",.,"A",200,"D","2","D"
"20094",2037763,49,0,"1","100","D",.,"A",.,"A","1","D"
"20094",2037763,50,0,"1","100","D",.,"A",.,"A","1","D"
"20094",2038613,65,0,"1","110","D",.,"A",.,"A","1","D"
"20094",2039213,39,0,"1","100","D",.,"A",.,"A","1","D"
"20094",2040453,37,0,"1","100","D",.,"A",.,"A","1","D"
"20094",2041093,51,0,"1","100","D",.,"A",50,"D","2","D"
"20094",2041123,74,0,"1","110","D",.,"A",70,"D","2","D"
"20094",2155784,49,0,"1","110","D",.,"A",25,"D","2","D"
"20094",2157634,18,0,"1","100","D",0.8,"D",12,"D","2","D"
"20094",2161204,25,0,"1","100","D",.,"A",307,"D","2","D"
"20094",2161233,58,0,"1","100","D",.,"A",.,"A","1","D"
"20094",2162463,33,0,"1","180","D",.,"A",.,"A","1","D"
"20094",2169135,44,0,"1","100","D",.,"A",.,"A","1","D"
"20094",2169302,49,0,"1","100","D",.,"A",.,"A","1","D"
"20094",2169302,50,0,"1","100","D",.,"A",.,"A","1","D"
"20094",2169702,38,0,"1","100","D",.,"A",.,"A","1","D"
"20094",2171472,31,0,"1","160","D",.,"A",70,"D","2","D"
"20094",2172103,71,0,"1","100","D",.,"A",.,"A","1","D"
"20094",2172103,72,0,"1","100","D",.,"A",.,"A","1","D"
"20094",2173322,63,0,"1","100","D",.,"A",.,"A","1","D"
"20094",2174032,35,0,"1","180","D",.,"A",40,"D","2","D"
"20094",2175822,48,0,"1","100","D",.,"A",.,"A","1","D"
"20094",2176812,81,0,"1","180","D",.,"A",50,"D","2","D"
"20094",2178612,53,0,"1","100","D",.,"A",.,"A","1","D"
"20094",2178612,54,0,"1","100","D",.,"A",.,"A","1","D"
"20094",2178612,55,0,"1","100","D",.,"A",.,"A","1","D"
"20094",2178612,56,0,"1","100","D",.,"A",.,"A","1","D"
"20094",2178662,62,0,"1","100","D",.,"A",450,"D","2","D"
"20094",2178862,51,0,"1","110","D",.,"A",69,"D","2","D"
"20094",2179902,54,0,"1","110","D",.,"A",.,"A","1","D"
"20094",2182172,58,0,"1","100","D",1,"D",0,"D","2","D"
"20094",2182592,39,0,"1","100","D",.,"A",.,"A","1","D"
"20094",2184142,55,0,"1","100","D",.,"A",172,"D","2","D"
"20094",2184152,42,0,"1","100","D",.,"A",.,"A","1","D"
"20094",2184812,37,0,"1","120","D",.,"A",.,"A","1","D"
"20094",2185052,995,0,"1","100","D",.,"A",420,"D","2","D"
"20094",2185072,90,0,"1","100","D",.,"A",.,"A","1","D"
"20094",2185732,23,0,"1","100","D",.,"A",600,"D","2","D"
"20094",2186712,42,0,"1","100","D",.,"A",.,"A","1","D"
"20094",2186972,30,0,"1","100","D",.,"A",.,"A","1","D"
"20094",2187122,41,0,"1","100","D",.,"A",.,"A","1","D"
"20094",2187122,42,0,"1","100","D",.,"A",.,"A","1","D"
"20094",2188352,30,0,"1","100","D",.,"A",10,"D","2","D"
"20094",2190522,102,0,"1","100","D",.,"A",.,"A","1","D"
"20094",2191732,64,0,"1","100","D",.,"A",154,"D","2","D"
"20094",2192132,33,0,"1","100","D",.,"A",900,"D","2","D"
"20094",2192253,40,0,"1","100","D",.,"A",.,"A","1","D"
"20094",2193934,39,0,"1","100","D",.,"A",.,"A","1","D"
"20094",2194414,27,0,"1","110","D",.,"A",110,"D","2","D"
"20094",2195452,49,0,"1","200","D",.,"A",75,"D","2","D"
"20094",2195534,25,0,"1","110","D",.,"A",120,"D","2","D"
"20094",2195773,35,0,"1","110","D",.,"A",60,"D","2","D"
"20094",2196112,30,0,"1","100","D",.,"A",.,"A","1","D"
"20094",2196122,22,0,"1","110","D",.,"A",.,"A","1","D"
"20094",2196132,61,0,"1","100","D",.,"A",304,"D","2","D"
"20094",2196132,62,0,"1","110","D",.,"A",58,"D","2","D"
"20094",2196634,46,0,"1","110","D",.,"A",200,"D","2","D"
"20094",2196745,38,0,"1","180","D",.,"A",90,"D","2","D"
"20094",2196793,40,0,"1","110","D",.,"A",88,"D","2","D"
"20094",2196882,43,0,"1","100","D",.,"A",.,"A","1","D"
"20094",2196993,44,0,"1","110","D",.,"A",80,"D","2","D"
"20094",2197164,66,0,"1","110","D",.,"A",90,"D","2","D"
"20094",2197222,56,0,"1","110","D",.,"A",36,"D","2","D"
"20094",2197222,57,0,"1","100","D",.,"A",227,"D","2","D"
"20094",2197265,58,0,"1","100","D",.,"A",.,"A","1","D"
"20094",2197854,44,0,"1","100","D",.,"A",.,"A","1","D"
"20094",2198023,23,0,"1","110","D",.,"A",.,"A","1","D"
"20101",1995585,53,0,"1","100","D",.,"A",.,"A","1","D"
"20101",1997005,71,0,"1","100","D",.,"A",1100,"D","2","D"
"20101",1997705,69,0,"1","180","D",.,"A",120,"D","2","D"
"20101",1999085,47,0,"1","100","D",.,"A",.,"A","1","D"
"20101",2000035,50,0,"1","100","D",.,"A",.,"A","1","D"
"20101",2001335,34,0,"1","110","D",.,"A",30,"D","2","D"
"20101",2001715,50,0,"1","100","D",.,"A",145,"D","2","D"
"20101",2002355,45,0,"1","100","D",.,"A",400,"D","2","D"
"20101",2002675,44,0,"1","100","D",.,"A",.,"A","1","D"
"20101",2002945,26,0,"1","110","D",.,"A",100,"D","2","D"
"20101",2003185,52,0,"1","100","D",.,"A",.,"A","1","D"
"20101",2003595,50,0,"1","100","D",.,"A",.,"A","1","D"
"20101",2004165,53,0,"1","100","D",.,"A",.,"A","1","D"
"20101",2004275,61,0,"1","100","D",.,"A",.,"A","1","D"
"20101",2004285,94,0,"1","100","D",.,"A",325,"D","2","D"
"20101",2004485,54,0,"1","110","D",.,"A",.,"A","1","D"
"20101",2005215,54,0,"1","100","D",.,"A",.,"A","1","D"
"20101",2009425,48,0,"1","100","D",.,"A",100,"D","2","D"
"20101",2009635,105,0,"1","110","D",.,"A",113,"D","2","D"
"20101",2009635,106,0,"1","110","D",.,"A",95,"D","2","D"
"20101",2010205,38,0,"1","110","D",.,"A",21,"D","2","D"
"20101",2010345,54,0,"1","100","D",.,"A",.,"A","1","D"
"20101",2013905,76,0,"1","100","D",.,"A",50,"D","2","D"
"20101",2014005,55,0,"1","100","D",.,"A",.,"A","1","D"
"20101",2014225,52,0,"1","100","D",.,"A",.,"A","1","D"
"20101",2017105,51,0,"1","100","D",.,"A",.,"A","1","D"
"20101",2017265,68,0,"1","110","D",.,"A",67,"D","2","D"
"20101",2017265,69,0,"1","110","D",.,"A",50,"D","2","D"
"20101",2017335,75,0,"1","100","D",.,"A",.,"A","1","D"
"20101",2017655,64,0,"1","100","D",.,"A",.,"A","1","D"
"20101",2021204,50,0,"1","100","D",.,"A",.,"A","1","D"
"20101",2021834,82,0,"1","100","D",.,"A",42,"D","2","D"
"20101",2023694,84,0,"1","100","D",.,"A",.,"A","1","D"
"20101",2024054,78,0,"1","110","D",.,"A",105,"D","2","D"
"20101",2024674,47,0,"1","100","D",.,"A",.,"A","1","D"
"20101",2025015,43,0,"1","110","D",.,"A",225,"D","2","D"
"20101",2025494,54,0,"1","100","D",.,"A",239,"D","2","D"
"20101",2025714,49,0,"1","100","D",.,"A",200,"D","2","D"
"20101",2025865,60,0,"1","200","D",0.99,"D",3,"D","2","D"
"20101",2027094,40,0,"1","110","D",.,"A",.,"A","1","D"
"20101",2027224,52,0,"1","110","D",.,"A",.,"A","1","D"
"20101",2027634,46,0,"1","100","D",.,"A",.,"A","1","D"
"20101",2029344,41,0,"1","110","D",.,"A",.,"A","1","D"
"20101",2030404,63,0,"1","100","D",.,"A",.,"A","1","D"
"20101",2030624,48,0,"1","110","D",.,"A",70,"D","2","D"
"20101",2031904,47,0,"1","100","D",.,"A",.,"A","1","D"
"20101",2032074,38,0,"1","100","D",.,"A",.,"A","1","D"
"20101",2032114,95,0,"1","100","D",.,"A",.,"A","1","D"
"20101",2032124,78,0,"1","100","D",.,"A",.,"A","1","D"
"20101",2034794,31,0,"1","100","D",.,"A",.,"A","1","D"
"20101",2036734,67,0,"1","100","D",.,"A",.,"A","1","D"
"20101",2036794,84,0,"1","100","D",.,"A",50,"D","2","D"
"20101",2037674,50,0,"1","100","D",.,"A",295,"D","2","D"
"20101",2037744,74,0,"1","100","D",.,"A",.,"A","1","D"
"20101",2039904,69,0,"1","100","D",.,"A",.,"A","1","D"
"20101",2040864,49,0,"1","100","D",1,"D",0,"D","2","D"
"20101",2171233,69,0,"1","100","D",.,"A",960,"D","2","D"
"20101",2172673,42,0,"1","100","D",.,"A",130,"D","2","D"
"20101",2173513,26,0,"1","100","D",.,"A",300,"D","2","D"
"20101",2173943,59,0,"1","100","D",.,"A",295,"D","2","D"
"20101",2174413,74,0,"1","110","D",.,"A",65,"D","2","D"
"20101",2175203,50,0,"1","100","D",.,"A",.,"A","1","D"
"20101",2176313,59,0,"1","100","D",.,"A",.,"A","1","D"
"20101",2177233,58,0,"1","100","D",.,"A",300,"D","2","D"
"20101",2177313,39,0,"1","100","D",.,"A",.,"A","1","D"
"20101",2177413,74,0,"1","110","D",.,"A",20,"D","2","D"
"20101",2177413,75,0,"1","110","D",.,"A",90,"D","2","D"
"20101",2177413,76,0,"1","110","D",.,"A",50,"D","2","D"
"20101",2178453,19,0,"1","100","D",.,"A",.,"A","1","D"
"20101",2178613,52,0,"1","100","D",.,"A",.,"A","1","D"
"20101",2179433,56,0,"1","100","D",.,"A",.,"A","1","D"
"20101",2180043,48,0,"1","100","D",.,"A",.,"A","1","D"
"20101",2180393,59,0,"1","100","D",.,"A",.,"A","1","D"
"20101",2180523,52,0,"1","100","D",.,"A",.,"A","1","D"
"20101",2181093,24,0,"1","100","D",.,"A",53,"D","2","D"
"20101",2182173,81,0,"1","100","D",.,"A",.,"A","1","D"
"20101",2182433,58,0,"1","100","D",.,"A",.,"A","1","D"
"20101",2185293,46,0,"1","100","D",.,"A",.,"A","1","D"
"20101",2185293,47,0,"1","100","D",.,"A",.,"A","1","D"
"20101",2185523,38,0,"1","100","D",.,"A",.,"A","1","D"
"20101",2185523,39,0,"1","100","D",.,"A",.,"A","1","D"
"20101",2187143,52,0,"1","110","D",.,"A",240,"D","2","D"
"20101",2189783,62,0,"1","100","D",1,"D",0,"D","2","D"
"20101",2190083,34,0,"1","100","D",.,"A",1500,"D","2","D"
"20101",2191863,56,0,"1","100","D",.,"A",.,"A","1","D"
"20101",2192503,42,0,"1","110","D",.,"A",.,"A","1","D"
"20101",2195205,54,0,"1","100","D",.,"A",235,"D","2","D"
"20101",2196133,85,0,"1","100","D",.,"A",.,"A","1","D"
"20101",2200802,70,0,"1","100","D",.,"A",.,"A","1","D"
"20101",2201332,39,0,"1","100","D",.,"A",27,"D","2","D"
"20101",2202682,45,0,"1","100","D",.,"A",80,"D","2","D"
"20101",2203482,34,0,"1","100","D",.,"A",850,"D","2","D"
"20101",2203622,43,0,"1","100","D",.,"A",.,"A","1","D"
"20101",2203802,72,0,"1","100","D",.,"A",.,"A","1","D"
"20101",2205622,41,0,"1","110","D",1,"D",0,"D","2","D"
"20101",2205752,49,0,"1","100","D",.,"A",525,"D","2","D"
"20101",2205882,62,0,"1","100","D",.,"A",97,"D","2","D"
"20101",2205922,50,0,"1","100","D",.,"A",.,"A","1","D"
"20101",2206052,22,0,"1","100","D",.,"A",200,"D","2","D"
"20101",2206412,31,0,"1","100","D",.,"A",.,"A","1","D"
"20101",2206592,61,0,"1","100","D",.,"A",.,"A","1","D"
"20101",2207702,22,0,"1","100","D",.,"A",.,"A","1","D"
"20101",2210972,40,0,"1","100","D",.,"A",.,"A","1","D"
"20101",2211792,36,0,"1","110","D",.,"A",86,"D","2","D"
"20101",2212052,57,0,"1","100","D",.,"A",2400,"D","2","D"
"20101",2213182,59,0,"1","100","D",.,"A",.,"A","1","D"
"20101",2213882,58,0,"1","100","D",.,"A",100,"D","2","D"
"20101",2215122,42,0,"1","100","D",.,"A",.,"A","1","D"
"20101",2216822,63,0,"1","100","D",.,"A",.,"A","1","D"
"20101",2217112,28,0,"1","100","D",.,"A",.,"A","1","D"
"20101",2218162,44,0,"1","100","D",.,"A",75,"D","2","D"
"20101",2218362,21,0,"1","100","D",.,"A",.,"A","1","D"
"20101",2218852,41,0,"1","100","D",.,"A",1212,"D","2","D"
"20101",2219002,42,0,"1","100","D",.,"A",609,"D","2","D"
"20101",2220272,39,0,"1","100","D",.,"A",.,"A","1","D"
"20101",2220722,33,0,"1","100","D",.,"A",.,"A","1","D"
"20101",2221182,71,0,"1","110","D",.,"A",50,"D","2","D"
"20101",2221252,46,0,"1","100","D",.,"A",60,"D","2","D"
"20101",2221502,29,0,"1","100","D",.,"A",1,"D","2","D"
"20101",2221593,48,0,"1","100","D",.,"A",.,"A","1","D"
"20101",2221642,55,0,"1","100","D",.,"A",.,"A","1","D"
"20101",2222892,46,0,"1","110","D",.,"A",25,"D","2","D"
"20101",2222962,51,0,"1","100","D",.,"A",.,"A","1","D"
"20101",2224852,58,0,"1","110","D",.,"A",.,"A","1","D"
"20101",2225055,56,0,"1","110","D",.,"A",.,"A","1","D"
"20101",2225055,57,0,"1","110","D",.,"A",300,"D","2","D"
"20101",2225185,45,0,"1","110","D",.,"A",100,"D","2","D"
"20101",2225622,51,0,"1","100","D",.,"A",172,"D","2","D"
"20101",2225622,52,0,"1","100","D",.,"A",205,"D","2","D"
"20101",2225674,50,0,"1","100","D",.,"A",80,"D","2","D"
"20101",2226384,30,0,"1","110","D",.,"A",.,"A","1","D"
"20101",2226454,32,0,"1","110","D",.,"A",55,"D","2","D"
"20101",2226514,26,0,"1","110","D",.,"A",33,"D","2","D"
"20101",2226624,19,0,"1","100","D",.,"A",900,"D","2","D"
"20101",2226682,22,0,"1","160","D",.,"A",.,"A","1","D"
"20101",2227034,41,0,"1","100","D",.,"A",2025,"D","2","D"
"20101",2227253,29,0,"1","100","D",.,"A",.,"A","1","D"
"20101",2227264,29,0,"1","110","D",.,"A",.,"A","1","D"
"20101",2227353,39,0,"1","100","D",.,"A",.,"A","1","D"
"20101",2227393,31,0,"1","110","D",0.99,"D",5,"D","2","D"
"20101",2227454,22,0,"1","110","D",.,"A",.,"A","1","D"
"20101",2227575,52,0,"1","100","D",.,"A",300,"D","2","D"
"20101",2227615,40,0,"1","170","D",.,"A",20,"D","2","D"
